1,Khu đô thị Trung Hòa - Nhân Chính
2,Khu đô thị Nam Thăng Long - Ciputra
3,Khu đô thị Mỹ Đình Sông Đà - Sudico
4,The Manor - Hà Nội
7,Toà nhà hỗn hợp Vườn Đào
8,Khu đô thị Splendora An Khánh
9,Khu đô thị mới Văn Phú
10,Làng Việt Kiều Châu Âu Euroland
11,Toà nhà 27 Huỳnh Thúc Kháng
13,Toà nhà 93 Lò Đúc - Kinh Đô Tower
14,Chung cư B4 - B14 Kim Liên
15,Khu nhà ở Bắc Hà
18,Khu đô thị mới Linh Đàm
19,Khu nhà ở xã Tân Lập - Cienco 5
20,Khu đô thị Đại Kim
21,Khu đô thị Đền Lừ II
22,Khu đô thị mới Dương Nội
23,Khu đô thị mới Dịch Vọng
24,Khu đô thị mới Định Công
25,Khu đô thị Đông Nam Trần Duy Hưng
26,Khu đô thị Geleximco - Lê Trọng Tấn
27,Golden Westlake
28,Hà Thành Plaza
29,Hong Kong Tower
30,Keangnam Hanoi Landmark Tower
31,KĐT Làng Quốc tế Thăng Long
32,Chung cư M3 - M4 Nguyễn Chí Thanh
33,Chung cư M5 Nguyễn Chí Thanh
34,Khu đô thị Mễ Trì Hạ
35,Khu đô thị Mỹ Đình I
36,Khu đô thị Mỹ Đình II
37,Khu đô thị Nam Trung Yên
38,Chung cư Nàng Hương - 583 Nguyễn Trãi
39,Ngọc Khánh Plaza
40,Khu biệt thự Vườn Cam - Orange Graden
41,Pacific Place
42,Khu đô thị mới Pháp Vân - Tứ Hiệp
43,Khu đô thị mới Phùng Khoang
44,Khu đô thị mới Tân Tây Đô
45,The Garden
46,Khu đô thị Trung Văn - Vinaconex 3
47,Khu đô thị Trung Yên
48,Khu đô thị Vân Canh
49,Khu đô thị Văn Khê
50,Khu đô thị mới Văn Quán
51,Khu đô thị Việt Hưng
53,Khu đô thị mới Xa La
54,Khu đô thị Yên Hòa
55,Khu đô thị Mỗ Lao
56,Khu đô thị Tiền Phong
57,Thành Công Tower 57 Láng Hạ
58,Golden Millennium
60,Toà nhà 335 Cầu Giấy
61,Tổ hợp 173 Xuân Thủy
62,Tổ hợp 310 Minh Khai
63,Momota -151A Nguyễn Đức Cảnh
64,Toà nhà 249A Thụy Khuê
65,Lilama - 52 Lĩnh Nam
66,Vincom Center Bà Triệu
67,Khu đô thị CEO Mê Linh
68,Khu đô thị Xuân Phương
69,Khu đô thị Hà Phong
70,Khu đô thị Minh Giang Đầm Và
71,Khu đô thị mới La Khê
72,Khu đô thị Thanh Hà Mường Thanh
73,Khu đô thị Chi Đông
74,Khu đô thị mới Cầu Bươu
76,Khu đô thị mới Cổ Nhuế
78,Khu đô thị sinh thái Phúc Việt
79,SME Hoàng Gia
82,Phú Mỹ Hưng
83,An Phú - An Khánh
84,Saigon Pearl
85,The Manor - TP. Hồ Chí Minh
86,Him Lam Nam Khánh
88,Fideco Riverview
89,The EverRich I
90,Chung cư Phú Mỹ
91,Chung cư Khánh Hội 2
92,Cao ốc Nguyễn Phúc Nguyên
93,An Bình Plaza (Sunshine Tower)
94,Chung cư Bình Minh
95,Blooming Park
96,Botanic Towers
97,Cantavil Hoàn Cầu
98,Central Garden
99,Conic Đông Nam Á
100,Khu căn hộ Contrexim - Copac Square
101,Đất Phương Nam
102,E-Home
103,The Era Town
104,Fortuna - Vườn Lài
105,Khu dân cư Gia Hòa
106,Khu căn hộ Chánh Hưng - Giai Việt
107,Cao Ốc Căn Hộ H2-Hoàng Diệu
108,Hoàng Anh Gia Lai 1
109,Hoàng Anh Gia Lai 2
110,New Saigon-Hoàng Anh Gia Lai 3
111,Hoàng Anh River View
112,Hồng Lĩnh Plaza
113,Indochina Park Tower
114,International Plaza
115,Khu dân cư Khang An
116,Chung cư Khang Phú
117,Căn hộ Lakai
118,Chung cư Mỹ Phước
119,Ngọc Phương Nam
120,Khu dân cư Nam Long
122,Orient Apartment
123,Phú Hoàng Anh
124,Phú Mỹ Thuận
125,Phú Thạnh Apartment
126,Khu dân cư Phú Xuân
127,Chung cư Phúc Thịnh
128,Chung cư Phúc Yên
129,PN-Techcons
130,Khu dân cư Bắc Rạch Chiếc
131,River Garden
132,4S Riverside Garden Bình Triệu
133,Ruby Land
134,Screc Tower
135,Sunview 1 & 2
136,Tản Đà Court
137,Khu dân cư Thạnh Mỹ Lợi
138,The Estella
140,The Montana Apartment
141,The Vista An Phú
142,Khu dân cư Thế kỉ 21
143,Khu căn hộ Thuận Việt
144,V-Star
145,Vạn Đô
148,Crystal Tower
149,B.I.G Tower
151,Chung cư Lafontana
152,Chung cư 170 Đê La Thành - GP Building
153,Skyline Tower
154,Trung Yên Plaza
156,Somerset West Lake
157,HP Landmark Tower
158,Hapulico Complex
162,Ruby Plaza Hanoi
163,HUD Tower
164,Chung cư cao tầng Trung Yên I
166,Tòa nhà PVN Tower
167,Cao ốc văn phòng FPT Láng Hạ
168,Capital Tower
169,Tòa nhà văn phòng Transmeco
170,Trung tâm Tài chính Sông Đà
172,Văn phòng Vinaconex No.2
173,Văn Phú Victoria
174,Trung tâm Thương mại Đền Lừ
175,Chung cư H10 - Vinaconex 6
176,Sky Light
177,Ruby Tower
178,Toà nhà văn phòng Elinco
179,Cao ốc Nacimex
180,Geleximco Building
182,Tòa nhà Plaschem Plaza
184,Habico Tower
185,Đào Duy Anh Tower - số 9 Đào Duy Anh
186,Indochina Plaza Hanoi
187,Resco Tower
188,Handico Tower
189,Tòa nhà Generalexim
190,Licogi 13 Tower
191,TĐL Building
192,Toà nhà San Nam
193,Pearl Phương Nam Towers
194,Hanoi Flower Villages
195,CMC Tower
196,Tòa nhà 183 Nguyễn Lương Bằng
197,Artex Building 172 Ngọc Khánh
198,Press Club
200,Zodi Building
203,Khâm Thiên Building
204,Toà nhà Văn phòng Tài Tâm
205,Tòa nhà Grand Building
206,Toà nhà NIKKO
209,Tòa nhà văn phòng 360 Tây Sơn
210,Hoa Binh International Towers
211,VIT Tower
212,Flamingo Tower
213,Hợp Nhất Building
214,CEO Tower
215,Apex Tower
216,Toà nhà Intracom
217,Toà nhà Tiến Phú
218,Silver Wings Building
219,Vinaplast - Tài Tâm
220,Detech Tower
221,Việt Á Tower
222,Viet Tower
223,Ngọc Linh Building
225,Diamond Building
226,Syrena Building
227,Tòa nhà 252 Hoàng Quốc Việt
228,Tòa nhà văn phòng ATS
229,Viễn Đông Building
230,Crown Plaza Complex
232,Tòa Nhà Văn Phòng Công Ty Acom
233,Tòa nhà FPT Cầu Giấy
235,Red River Building
236,Kinh Do Building
237,Tòa nhà văn phòng Newtatco
238,FLC Twin Towers
239,Tòa nhà 59-63 Huỳnh Thúc Kháng
240,Intracom Riverside
241,C'land Tower
242,PVI Tower
243,ITT Building
244,Tòa nhà Intracom 2
245,Cao ốc văn phòng 16 Liễu Giai
246,Rose Garden
247,VCI Tower
248,Cao ốc Hanel
249,Tòa nhà CNC Viettel
250,Northern Diamond
251,ACBR Office Building
253,Căn hộ 584 Lilama SHB
254,Empire Tower
255,New Pearl - Viên Ngọc Mới
256,Tenimex Office Building
258,Ruby Tower Hàm Nghi
260,Cao ốc văn phòng HMTC
261,Cao ốc văn phòng Centrepoint
263,Cao Ốc BMC
264,Thành Công Tower 1
265,Thành Công Tower 2
266,Khu Căn Hộ Sunrise
267,Tòa nhà dầu khí Nghệ An
268,HUD3 Tower
269,AZ Lâm Viên Complex
270,Chung cư AZ Lâm Viên Complex
273,CT3 Cổ Nhuế
274,Biệt thự phố cổ 33 Đường Thành
275,Star City 2 Nguyễn Trãi
276,Tincom City Point
277,Tòa nhà D11 Sunrise Building
278,Chelsea Park
279,Chung cư Nam Xa La
280,Chung cư cao cấp CT5 Văn Khê
281,Khang Thông - Thanh Xuân
282,Canal Park
285,Khu nhà ở Ciri An Khánh
287,Khu chung cư B5 Cầu Diễn
288,Chung cư CT2A Nghĩa Đô
289,The Lancaster Hà Nội
290,Richland Southern
291,Hyundai Hillstate
292,Megastar Dominium C2 Xuân Đỉnh
293,CT2 Viettel Trung Văn
295,Hòa Bình Green Apartment
296,Tòa nhà 131 phố Thái Hà
297,ICC Commercial Center
298,Chung cư Hemisco Xa La
299,Chung cư X2 Mỹ Đình
302,Chung cư 671 Hoàng Hoa Thám
303,FLC Landmark Tower
304,Daewoo Cleve
305,Tòa nhà Licogi 12
307,Tòa nhà Petrowaco - 97 Láng Hạ
308,Hoàng Sâm - 151 Hoàng Quốc Việt
309,Sky City Towers-88 Láng Hạ
310,Chung cư cao cấp Hesco
311,N05 - KDT Đông Nam Trần Duy Hưng
312,N04 - KĐT Đông Nam Trần Duy Hưng
314,4S Riverside Linh Đông
315,Waseco Building
316,Căn Hộ Cao Cấp Hoàng Tháp Plaza
317,Green Park Bình Tân
318,Lan Phương MHBR Tower
319,Chung cư Thế Hệ Mới
320,Belleza Apartment
324,Cao ốc Phố Đông - Hoa Sen
325,Cao ốc Pasteur
326,Cao ốc TDH - Bình Chiểu
328,Khu biệt thự Bình An Riverside
331,Waterfront Residences
334,Valentina Court
336,Khu căn hộ  Mỹ Đức
337,Căn hộ Nhất Lan
338,Tân Tạo Plaza
339,Chung cư Thanh Nhựt
341,City Garden
342,Newtown Apartment
343,Thiên Nam Apartment
344,Green Square
345,Lữ Gia Plaza
346,TD Plaza Hải Phòng
347,Satra Citiland Plaza
348,TD Plaza Cần Thơ
349,TD Plaza Nha Trang
350,Đạt Gia Residence
351,Khu căn hộ 584 Tân Kiên
352,Nam Minh Long
353,Blue Sapphire Bình Phú
354,Khu căn hộ Cao cấp Chánh Hưng
356,Chung cư Lê Thành
357,Căn hộ Khang Gia Gò Vấp
358,Tecco tower - Chung Cư Linh Đông
359,Khu nhà ở Vinaconex Thảo Điền
360,Him Lam Riverside
361,The Harmona
362,Anh Tuấn Apartment
363,Chung Cư TDH - Hiệp Phú
365,Star Hill
366,Cheery Apartment
367,Khu Nhà ở và Thương mại Ba Gia
368,Trung tâm Triển lãm Vũng Tàu
369,Khu Ngoại Giao Đoàn
370,Khu phức hợp cao tầng Mỹ Đình
372,Hanoi City Complex
373,Nam An Building
374,Căn hộ IJC Aroma
375,Chung Cư Phú Cường (Biconsi)
376,Saigonres Tower
377,Ocean View Manor
378,Chung Cư Quang Vinh
379,Long Thành Plaza
381,Dolphin Plaza
382,Tổ hợp Viglacera Tower
383,MIPEC Towers
384,Grand Plaza
386,Savico Plaza Long Biên
387,Trung tâm thương mại Chợ Mơ
429,Hanoi Lake View
435,Hanoi Daewoo Hotel
437,Trung Tâm Thương Mại Cầu Giấy
439,Khu dân cư Hai Thành - Tên Lửa
440,Hùng Vương Plaza
441,Indochina Riverside Towers
442,Khu đô thị Nam An Khánh
443,Hoàng Anh Gold House
444,Chung cư Hoàng Anh Gia Lai
445,Hoàng Anh Gia Lai BIDV
446,Căn hộ cao cấp Bàu Thạc Gián - Đà Nẵng
447,Vincom Center TP HCM
448,Royal City
450,Vincom Shophouse Lê Thánh Tông
451,Vincom Financial Tower
452,Vincom Park Place
453,Bitexco Financial Tower
454,Chung cư 283 Lê Quang Định
455,Khu dân cư Phú Lợi
456,Tổ hợp nhà cao tầng Phú Mỹ
457,Suối Hai Villa & Resort
458,Công viên công nghệ thông tin Hà Nội
459,The Grand Arena Hill
460,The Morning Star Plaza
461,Khu biệt thự cao cấp Galaticos Living
462,Công Viên Văn Hóa Gò Vấp
463,Khu Đô thị & Công nghiệp Mỹ Phước 1
464,Tòa nhà 101 Láng Hạ
466,Thảo Điền Pearl
467,Tòa nhà 282 Lĩnh Nam
468,Lotus Garden
469,Terra Rosa
470,City Gate Towers
471,Khu đô thị Đặng Xá 1
472,Quốc Cường Gia Lai 1
473,Carina Plaza
474,Fusion Alya La Gi
475,Khu dân cư Tân lập
476,Khu dân cư Sơn Tịnh - Quảng Ngãi
478,Phú Gia Hưng Apartment
479,T.N.T Building
480,Khu đô thị mới Thịnh Liệt
482,Khu đô thị ven sông Vàm Cỏ
483,Cao ốc Đại Thành
484,Chung cư cao tầng Hiệp Tân
485,Cảnh Viên 3
486,Khu đô thị Kim Chung - Di Trạch
487,Riverpark Residence
488,Sky Garden 3
489,H3 Hoàng Diệu
490,Khu đô thị Phú Lộc I
491,Nam Đô Complex 609 Trương Định
492,Chung Cư TDH - Trường Thọ
493,Khu đô thị Him Lam Kênh Tẻ
494,Sakura Tower
495,Usilk City
496,Ocean Window Spa & Resort
497,Khu đô thị Đông Sơn - Thanh Hóa
498,Đại An - Saigon Riverside
499,Khu nhà ở Hào Nam
500,Tòa nhà Green Building
501,Tản Viên Villas & Resort
503,Gamuda City
504,Biệt thự Yên Bài Villas 2
505,The Queen Villas
506,Khu Đô Thị Mới Phú Cường
507,Khu biệt thự Royal Hill
508,Ocean Vista
509,Vimeco II - Nguyễn Chánh
510,Eurowindow Multi Complex
511,Times Square Hà Nội
512,VietCas Tower
513,Khu Phức Hợp Đầm Sen
514,Viễn Đông Meridian
515,Harmony Tower
516,Khu công nghiệp Bắc Phú Cát - Hà Nội
517,Khu công nghiệp Nội Bài
518,KCN Thạch Thất - Quốc Oai
519,Khu công nghiệp Phú Nghĩa
520,Khu công nghiệp Phong Phú
521,Khu Công Nghiệp Hiệp Phước
522,Khu đô thị và dịch vụ Bàu Bàng
523,KDC Rạch Bắp
524,Giảng Võ Complex Tower
525,The Green River
526,The Lancaster - Hồ Chí Minh
527,Sunrise City
528,Cao ốc An Khang
529,584- Lilama SHB Plaza
531,Khu phức hợp Chân Mây-Lăng Cô
532,Tổ hợp Vicentra
533,Rainbow Building
534,MBLand Tower
535,Âu Cơ Tower
536,The EverRich II
537,Blue Diamond Tower
538,SC VivoCity
539,Khu phức hợp Biên Hòa Square
540,Trung tâm thương mại Hàng Da
541,Sài Gòn Paragon
543,Kenton Node Hotel Complex
544,The Long Hải Villa & Hotel
545,Khu đô thị Ecopark
546,Thanh Niên Plaza
547,Diamond Island
548,Vũng Tàu Melody
549,An Cựu City
550,Căn hộ cao cấp New Horizon
551,Khu đô thị mới AIC Mê Linh
552,PetroVietnam Green House
553,The Phoenix Garden
554,Tòa nhà Intracom1 - Trung Văn
555,Khu đô thị Làng Thời Đại
556,Làng BIDV Scienco 5 Mê Linh
557,Khu đô thị mới Ba Đình - Mê Linh
558,Chung cư 409 Lĩnh Nam
559,Khu đô thị mới An Hưng
560,Khu đô thị mới Cầu Giấy
561,C14 - Bộ Công An
562,Green Villas 4
563,Khu biệt thự sinh thái Cẩm Đình
564,Xanh Villas
565,Đầu tư Xây dựng Chợ Phố Hiến
566,Khu đô thị Đức Việt
567,Khu đô thị Đền Lừ I
568,Khu đô thị 54 Hạ Đình
569,Khu đô thị Quang Minh
570,Flamingo Đại Lải Resort
571,Đại Phước Lotus
572,Khang Gia Tân Hương (Lucky Apartment)
573,Khu đô thị mới Lideco - Bắc Quốc lộ 32
574,Khu dân cư Nam Long - Long An
575,Nhà ở Tổng cục 5 - Bộ Công An
576,Star City Lê Văn Lương
577,Mulberry Lane
578,Khu chung cư Ngô Thì Nhậm
579,B’lao Charming
580,Sông Đà Hà Đông Tower
581,Thành Phố Mới Bình Dương
582,Khu Phố Thương mại Uni-town
584,KĐT Mê Linh - Thanh Lâm - Đại Thịnh
585,Khu du lịch sinh thái Tuần Châu Hà Nội
586,Khu đô thị Kim Văn - Kim Lũ (Golden Silk)
587,Hà Nội Time Towers
588,Khu đô thị Mai Trai - Nghĩa Phủ
589,Khu đô thị Phú Lãm
590,Hà Nội Garden City
591,Khu đô thị An Thịnh I
592,Khu đô thị mới Sơn Đồng
593,Tòa tháp Thiên Niên Kỷ Hà Tây
594,Trung tâm thương mại TSQ
596,TSQ Galaxy
597,Khu đô thị Dầu khí Đức Giang
598,Ngọc Lan Apartment
599,Khu đô thị Nam Hồng
600,Khu đô thị Đại Mỗ - Hà Nội
601,ParkCity Hà Nội
602,Starcity Center
603,Tổ hợp 25 Lạc Trung
604,Khu đô thị Tây Đô
605,CHCC 257 Giải Phóng
606,Sông Hồng Park View
607,Asean Resort - Ba Vì
608,Khu đô thị Cienco 5 Mê Linh
609,Khu đô thị Tây Mỗ
610,Lê Văn Lương Residentials
611,Topaz City
612,Mandarin Garden
613,The Melody Villas
614,Furama Villas
615,Villa Park
616,Khu đô thị mới Tùng Phương
617,The Headquarters
618,Khu biệt thự Hoa Phượng
619,Golden King
620,Vietracimex Tower
621,Toà nhà Green Park
622,Thiên Sơn Plaza - Hồ Chí Minh
623,Hapro Building
624,PV Cửa Lò Resort
625,Khu biệt thự Thiên Nga
632,Sông Giá Resort Complex
633,Khu du lịch Cúc Phương
635,Khu nhà ở Hoàng Vân
636,Đảo nhân tạo Hoa Phượng
637,Furama Resort Hồ Cóc
638,Vinpearl Resort Nha Trang
639,Mỹ Phú Apartment
640,Chung cư B1 Giảng Võ
641,Chung cư D2 Giảng Võ
642,The First Villa & Resort
643,Khu nhà ở 44 Triều Khúc
644,Khu nhà ở Phú Thượng
645,Chung cư Tô Hiến Thành
646,Tòa Nhà Horizon
647,Chung cư Điền Phúc Thành
648,Chung cư Hùng Việt
649,Chung cư Thiên Quý
650,Chung cư Hodeco Phú Mỹ
651,Khu nhà ở Gò Sao
652,Chung cư 187 Tây Sơn
653,Hà Nội Center Point
654,Khu đô thị Vĩnh Hoàng
655,Chung Cư Nguyễn Kim
656,Chung cư các KCN - Mê Linh
657,Chung cư Mùa Xuân
659,Chung cư An Lạc - Mỹ Đình
660,Chung cư 134 Quán Thánh
661,Khu căn hộ Bình Phú
662,Chung cư 107 Trương Định
663,Cao ốc Sông Đà Tower
664,Chung Cư Nguyễn Đình Chiểu
665,Khu dân cư Bắc Lương Bèo
666,"Chung cư, văn phòng 222 Đội Cấn"
667,Chung cư Hoàng Quy
668,Khu nhà ở kinh doanh Dịch Vọng
669,Khu nhà ở cho công nhân Đông Anh
670,Cụm chung cư Ấn Quang
671,Rivera Park Sài Gòn
672,Căn hộ Incomex
673,Chung cư Nguyễn Văn Cừ
674,Cao Ốc Pasteur Court
675,Veronica Apartments
676,Chung cư 72 Quan Nhân
677,Chung cư 45 Nguyễn Sơn
678,Chung cư 141 Trương Định
679,Khu nhà ở Vũ Ngọc Phan
680,Chung cư An Hòa
681,Hyatt Regency Danang Residences
682,Căn hộ Da Sà
683,Chung cư PNT Court
684,Căn hộ May Apartments
685,Conic Garden
686,Chung cư Conic Đình Khiêm
687,The Costa Nha Trang
688,Chung cư Five Stars - An Khánh
689,Saigon Pavillon
690,Căn hộ Quang Thái
691,Khu phức hợp Tricon Towers
692,Chung cư Thọ Nam Sang
693,Căn hộ Cao cấp Mỹ Long
694,Sài Gòn Luxury Apartment
696,Golden Age Towers
697,Xi Riverview Palace
698,Lakeside Apartment
699,Chung cư Cao cấp Tam Bình
700,Chung cư Phú Đạt
701,Cao ốc BMC Hưng Long
702,Chung Cư Tân Thịnh Lợi
703,An Phú Apartment
704,Ruby Garden
705,The Mark
706,Lori Plaza
708,Chung cư Bắc Bình
709,Khu cao ốc Hồng Tân
710,Khu căn hộ Gia Tuệ Central Square
711,Khu căn hộ Sherwood Residence
712,Southern Palace
713,Cantavil An Phú - Cantavil Premier
714,Khu biệt thự Phú Thịnh
716,Thung Lũng Xanh
717,Chung cư 16B Nguyễn Thái Học
720,Golden Palace
721,Chung cư Bộ Tổng Tham Mưu
722,Chung cư 229 Phố Vọng
723,Gemek Tower
724,Citizen Trung Sơn
725,Mỹ Đình Plaza
726,C'Land Tower
727,AZ Thăng Long Towers
728,TMC Tower
729,Khu chung cư Xuân La
730,Nam Hoàng Đồng I
731,Khu nhà ở cao tầng 102 Trường Chinh
732,Golden Hills City
733,Thiên Lộc Tower
736,Times City
737,Chung cư 25 Tân Mai
738,Triều An Tower
739,Khu Đô Thị E.City Tân Đức
740,Làng biệt thự Detaco Ecovilas
741,Golden Land
744,Thượng Đình Plaza
745,Rivera Park Hà Nội
746,Tòa nhà văn phòng Thăng Long
747,Trung tâm thương mại Khương Đình
748,Nha Trang Center
749,Five Star Eco City
750,Lucasta Villa
751,Spring Life
752,Khu dân cư Hòa Phong
753,Topia Garden
754,Vicem Tower
755,V-CitiLight Biên Hòa
756,C3 Tower - Golden Palace
757,Top Hill Villas
758,The Summit
759,Olalani Riverside Towers
760,Milano Plaza
761,Vinhomes Riverside
762,Hoàng Kim Thế Gia (The Golden Dynasty)
763,Cao ốc Intresco Plaza
764,Khu đô thị Kiến Hưng
765,Tropic Garden
766,Happy City - Khu đô thị Hạnh Phúc
767,Khu đô thị mới Hưng Phú - Cần Thơ
768,Khu đô thị Đông Nam Thủy An
769,FPT City Đà Nẵng
770,Khu dân cư Mỹ Hạnh Hoàng Gia
773,Discovery Complex
774,Capital Garden 102 Trường Chinh Kinh Đô
775,An Phú Plaza
776,Sea Links City
777,Regency Park
778,Silver Sea Tower
779,Khu đô thị An Thới - Anthoi Riverside
780,Khu đô thị Suối Son
781,Công viên Văn hóa Đô thị Đà Lạt
782,Sky Garden Towers
783,Sông Đà Riverside
784,Khu Đô Thị Sông Đà IDC
785,Khu nhà ở Đất Việt
786,Thủ Thiêm Star
787,Imperia An Phú
788,City Gate Towers 2
789,Khu căn hộ NBB Garden III
790,Spirit of Saigon
791,Gia Phú Khang
792,Chung cư An Bình
793,Galaxy 9
794,Happyland
795,Léman Luxury Apartments
796,Green City Long An
797,Sunny Thủ Thiêm
798,Lotus Complex HH1
799,Dragon Hill Residence and Suites 2
800,Dragon City
801,Khu biệt thự Kim Long
802,Khu biệt thự Ngân Long
803,Casa Lavanda
804,Metropolitan Vũng Tàu
805,E-Sea Apartment
806,Sun Square
807,Celadon City
808,Khu đô thị mới Tương Bình Hiệp
810,Long Hội City
811,Sacomreal - Hòa Bình
812,Sacomreal Hùng Vương
813,Sacomreal – Generalimex
815,Thien Park
816,Khu Dân Cư Trường Thạnh 1
817,Khu căn hộ Oscar Riverside
818,Mandaville Hạ Long
819,The Pegasus Residence
820,The Pegasus Plaza
821,Grand Pacific
822,Gia Định Plaza
823,Toà nhà cao cấp Westa
824,Tòa nhà văn phòng Công ty 789
825,Olalani Resort & Condotel
826,Sunlight Tower
827,KĐT TMS Land Hùng Vương
828,Louis Tower
829,Apartment Building
830,The Flemington
831,Preche
832,Mui Ne Cactus Resort
833,Petro Nghệ An Building
834,KDC Châu Quới 3
835,Becamex City Center
836,Tây Nguyên Plaza
837,Riviera Point
838,PetroVietnam Landmark
839,KĐT Phú Mỹ - Quảng Ngãi
840,Cape Pearl
841,Investco Babylon
842,Dự án Seven Diamond
843,Saigon West Villas
844,Khu đô thị mới Phước Long
845,Eco Xuân – Lái Thiêu
846,Khu liên hợp Sovrano Plaza
847,Bình An Apartment
848,Jamona Home Resort
849,Long Giang Tower
850,Đông Đô Đại Phố
851,Lighthouse Complex Tower
852,Bright City
853,Khu đô thị Lê Hồng Phong I
854,Khu công nghiệp Hợp Thịnh
855,Sunny Villa
857,HDB Plaza
858,Khu dân cư Vĩnh Phú II
859,Khu đô thị Hòa Quý
860,River Silk City
861,Khu đô thị Đền Đô
862,Khu dân cư Bắc Vĩnh Hải
863,Dream Town
864,Hoàng Đình Villa
866,Khu đô thị Dabaco - Vạn An
868,Tecco Town Bình Tân
869,HACO Complex Tower
870,KĐT Cao Xanh - Hà Khánh
871,Mandaville Dalat
872,Khu đô thị sinh thái Ecorio
873,Khu đô thị Detaco Nhơn Trạch
874,Machinco Building
875,Tân Việt Tower
876,The Sunrise Bay
877,Khu đô thị mới Kim Dinh
879,Thiên Phú Intresco HighLand
880,Khu công nghiệp Kim Dinh
881,Khu phức hợp Intresco Tower
882,Khu đô thị Diamond Park New
883,Chung cư Sails Tower
884,Chung cư Gia Phú Hưng
885,Chung cư Tincom Pháp Vân
886,Five Stars Westlake
887,Carillon Apartment
888,Yên Bài Top Hills Villas
889,Khu dân cư An Tây
890,Norman Estates
891,Khu phức hợp Centermark
892,Sailing Tower
893,Chung cư số 7 Trần Phú
894,Nguyễn Chánh Hà Đông
895,Green Building
896,Wyndham Soleil Đà Nẵng
897,Cao ốc Cinco
898,Everluck Residence
899,Kim Tâm Hải Apartment
900,Thái An Apartment
902,Đà Nẵng Plaza
903,Chung cư Khánh Hội 3
904,Khahomex - Savico Tower
905,Khu nhà ở Thiên Lý
906,KDC Phan Đình Phùng-Nam Lê Lợi
907,Savico MegaMall Long Biên
908,New Pearl Residence
909,Khu chung cư Charm Plaza
910,Aquila Plaza
911,TDH - Phúc Thịnh Đức
912,TIG Tower
913,Sài Gòn Airport Plaza
914,Contentment Plaza
915,TTTM Dịch vụ Hạ Đình
916,TTTM – DV - VP Hàng Xanh
917,Khu Dân Cư Thành Hiếu
918,Mai Trang Complex Tower
919,The Manor Eco Lào Cai
920,Làng biệt thự vườn Gia Phú Viên
921,Khu nhà vườn sinh thái Hoàn Sơn
922,Pointe91 - Biển rạng Chu Lai
923,Eco Valley Resort
924,Khu đô thị Đông Sài Gòn
925,Khu đô thị Mỹ Gia
926,Khu dân cư Sài Gòn Mới
927,Blooming Tower Đà Nẵng
928,Acenza Villas
929,EVN-Land Central Huế
930,Premier Village Đà Nẵng
931,Khu biệt thự cao cấp Goldland
933,Khu công nghiệp Yên Phong - Bắc Ninh
934,Green Pearl
936,The Cliff Resort & Residences
937,South Building
938,Green Oasis Villas
939,Khu dân cư Phú Tín
940,Làng sinh thái du lịch – Eco Village
941,Khu dân cư Anh Tuấn Garden
942,Golden City
943,Khu du lịch sinh thái Giang Điền
944,Sunny Garden City
945,Khu dân cư Thạch Khôi
946,À La Carte Hotel
947,Hòa Bình Green City
948,Sky View
949,Khu căn hộ Res III
950,Khu đô thị mới Đông Bắc (Khu 1)
951,Chung cư 57 Vũ Trọng Phụng
952,Dalat Monte Han's Grand Resort
953,Khu phố thương mại Phú An
954,Sky Symphony
955,Khu biệt thự Sunflower
956,Cocobay
957,Ngọc Viên Islands
958,The EverRich III
959,Khu dân cư Ruby Town
960,Thang Long Number One
961,Hodeco Plaza
962,Tam Nông Dream City
963,Skypark Long Điền
964,Berriver Long Biên
966,Nine Ivory Eco-resort & Country Club
967,Tinh Thành Quốc tế
973,Country House
974,Moonlight Villas
975,Blue Sapphire Resort Vũng Tàu
976,Khu dân cư Đức Hòa Residence
977,Phố Thương mại Tri thức College Town
978,Phuoc Long Spring Town
979,Phú Mỹ Center Point
980,The Pavillons Villa & Resort
981,Khu dân cư Long Hậu
982,Samland River View
983,Vũng Tàu Plaza
984,The Hyco4 Tower
985,Khu đô thị Ngũ Tượng Khải Hoàn
986,Dragon Vĩnh Trung
987,Vimeco Building
988,Vimeco I - Phạm Hùng
989,Khu đô thị mới Đông Tăng Long
990,Khu phố Nature Land
991,Riverside Residence
992,The Panorama
993,Ventura
994,Vincom Center Long Bien
995,Khu đô thị mới Nghĩa Đô
996,Khu đô thị mới Phước An
997,Vân Phong Tower
998,Chung cư Petroland Quận 2
999,Green Bay Towers
1000,Khu đô thị Hạ Long Marina
1001,Khu đô thị Vĩnh Điềm Trung
1002,Khu đô thị The Canary
1003,Twin Towers
1004,Five Star Eco City
1005,River Valley
1006,Khu đô thị Biên Hòa Dragon City
1007,Khu dân cư Greenlife - 13C
1008,Phố thương mại Nam Khang
1009,Angsana Properties Lăng Cô
1010,Thủ Đức Garden Homes
1011,La Paz Tower
1012,UPlaza Nha Trang
1013,Khu đô thị mới Nam Sông Cái
1014,The Bay View Towers
1015,Căn hộ cao cấp Azura
1016,Mekong City
1017,Khu biệt thự Châu Pha Hoàng Quân
1018,Ha Do Park View
1019,River Park
1020,Lexington Residence
1021,Candeo Hotels Hà Nội
1022,Khu dân cư Saigonres
1023,Khu dân cư Cát Lái Invesco
1024,Khu biệt thự cao cấp Cocoland
1025,Khu biệt thự Mountain Villas
1026,Khu biệt thự Mountain Villas II
1027,Khu dân cư Wharfland
1028,Jamona City
1029,Thanh Đa View
1030,Green Stars
1031,Cat Bi Plaza
1032,RCL Tạ Quang Bửu
1033,Cao ốc RCL - Bình Đông
1034,Daresco Residence
1035,Hoja Villa
1036,D’. Palais De Louis - Nguyễn Văn Huyên
1037,Home City Trung Kính
1038,Hùng Sơn Villa
1040,Bella Vista
1041,Cao ốc OPC - Eximland
1042,Cao ốc Satra - Eximland
1043,Toplife Tower
1044,Khu dân cư Exim Garden
1045,La Casa
1046,Khu dân cư Đông Thủ Thiêm
1047,Khu đô thị Gold Hill
1048,Eureka Linh Trường
1049,New Life
1050,FLC Complex 36 Phạm Hùng
1051,Tòa nhà hỗn hợp FLC Tower
1052,Aquamarine Town
1053,Khu đô thị Phúc Hưng
1054,An Gia Garden
1055,Khu đô thị biển An Viên
1056,Biệt thự biển Giáng Hương
1057,Beacon Pass Residential
1058,Phố thương mại Trảng Nhật
1059,Hồ Gươm Plaza
1060,Điền Viên Thôn
1061,Manna Luxury Holiday Resort
1062,Mỹ Sơn Tower
1063,Samsora Premier
1064,Chung cư B1 Trường Sa
1065,Thăng Long Garden
1066,Biên Hoà Riverside Garden
1067,Khu biệt thự Thảo Nguyên Sài Gòn
1069,Investco Green City
1070,Bee Home
1071,Sacom Tuyen Lam Resort
1072,The Era Lạc Long Quân
1073,Xuân Mai Park State
1074,College Town II
1075,Bảy Hiền Tower
1076,Central Plaza - 91 Phạm Văn Hai
1077,The Eastern
1078,Biệt thự lâu đài Chateau
1081,Khu đô thị mới Đại Thanh
1082,Homyland
1083,Khu Dân cư Trung Sơn
1084,Sunflower City
1085,Chung cư 89 Phùng Hưng
1086,Khu Dân cư Thủ Thiêm Villa
1088,Mercure Sơn Trà Resort
1089,An Lạc Residence
1090,Golden Dragon (Kim Long)
1091,Star Tower (Tòa tháp Ngôi Sao)
1092,Khu đô thị Bình Nguyên
1093,Manhattan City
1094,Lancaster Nguyễn Trãi Tower
1095,Khu đô thị Việt - Sing The Oasis
1096,Green Park Tower
1097,Lancaster Residences D4
1098,Khu căn hộ Tân Mai
1099,Phú Gia Residence
1100,Cheery 2 Apartment
1101,InterContinental Da nang Sun Peninsula Resort
1102,The Sun City Riverside Đà Nẵng
1103,Hinode City
1104,Cống Quỳnh Plaza
1105,Khu căn hộ EHome 3
1106,Thủ Thiêm Xanh
1107,Saigon One Tower
1108,Khu đô thị Tây Quốc Oai
1109,Hà Đô Green View
1110,Tây Hồ Residence
1111,Sun Grand City Ancora Residence
1112,STD Tower
1113,Lavender City
1114,Cao ốc OSC Land
1115,Anh Dũng II - Sao Đỏ I
1116,Spring Home
1117,Grand View
1118,Khải Hoàn Chateau
1119,PARCSpring
1120,Nam Thông
1122,The Light Tower
1124,Cinderella Residences
1126,Green Park Residences
1127,Cheery 3 Apartment
1128,Nhân Phú
1132,Việt Âu
1136,Nam Phú Villas
1137,The Artemis
1139,Unimax Twin Tower
1140,Prince Town
1141,Lê Thành Twin Towers
1142,Hei Tower
1143,Blue Topaz
1145,Depot Metro Tower
1146,Mỹ Đình Pearl
1147,Nest Home
1148,Phúc Thịnh Tower
1161,sdhbfh
1162,Rainbow Linh Đàm
1163,PetroLand Tower
1167,Ngoc Bich Residence
1168,Khu đô thị sinh thái Sunrise River
1169,KDC Savico Hiệp Bình Phước - Tam Bình
1170,Mercure Sapa Resort & Spa
1171,Sunview 3
1172,Sunset Sanato
1173,Mỹ Phú 3
1174,Khu dân cư Phú Mỹ
1175,Mỹ Phú 3
1176,Tổ hợp chung cư Thủy Lợi Tower
1177,Screc II Tower
1178,Vinaconex 7
1179,The Boat Club Residences
1180,Somerset Hòa Bình
1181,Garden Bay
1182,Tiến Lộc Riverside Plaza
1183,The Prince Residence
1184,Golden Bay
1185,SkyView Trần Thái Tông
1186,Lavender City
1187,Cheery 4 Complex
1188,KĐT Phước Kiển Nhà Bè
1189,Platinum Residences
1190,D’. Le Pont D’or - Hoàng Cầu
1191,Sora Gardens
1192,Metro Tower
1193,The Manor Central Park
1194,Happy Valley
1195,Căn hộ Hưng Phát
1196,Dream Home (KĐT Hòa Xuân)
1197,Good House Apartment
1198,HH2 - Bắc Hà
1199,C37 Bộ Công An - Bắc Hà Tower
1200,Fafilm - VNT Tower
1201,Riverside Tower
1202,VC7 Housing Complex
1203,VC7 Housing Complex
1204,Fusion Suites Da Nang Beach
1205,Phú Thịnh Riverside
1206,Carillon Apartment
1207,Civilized City
1208,Tây Hà Tower
1209,Icon4 Tower
1210,hfhhfhf
1211,Khu dân cư Tân Biên 1
1212,Khu dân cư Tân Biên 2
1213,Dreamland City
1214,CTM Building - 139 Cầu Giấy
1215,The Sun City Minh Sơn
1216,SGC Nguyễn Cửu Vân
1217,VP5 Linh Đàm
1218,VP3 Linh Đàm
1219,Vinaconex 71
1220,Dream Home
1221,Hoa Sen - Lotus Apartment
1222,Khu dân cư An Thạnh
1223,KĐT Dịch vụ Nam Hà Nội (Hanssip)
1224,The Viva City
1225,Tăng Phú House
1226,DB Court
1227,EHome 4
1228,First Home Thạnh Lộc
1229,Chung cư mini Kim Cương Xuân Đỉnh
1230,Hạ Đình Tower
1231,Khu đô thị An Phú Sinh
1232,Khu đô thị số 3 Điện Nam Điện Ngọc
1233,Khu đô thị số 7 Điện Nam Điện Ngọc
1234,Khu đô thị số 9 Điện Nam Điện Ngọc
1235,Khu chức năng đô thị Ao Sào
1236,Phố Chợ Điện Ngọc
1237,Khu đô thị Ngân Câu - Ngân Giang
1238,Khu đô thị Royal Garden
1239,Đạt Gia Residence Thủ Đức
1240,Phố Thương mại Gold Town
1241,Khu đô thị Waterpoint
1242,Vĩnh Trung Plaza
1243,Phúc Lộc Viên
1244,D’. San Raffles - Hàng Bài
1245,The Splendor
1246,Khu dân cư Phú Quý
1247,The Seasons Lái Thiêu
1248,Tân Hương Tower
1249,Chung cư Man Thiện
1250,Star Tower 283 Khương Trung
1251,Thủy Tiên Resort
1252,Watermark
1253,Phú Gia Cotec
1254,Chung cư Mỹ An - 3G
1255,Thành phố Giao Lưu
1256,Chung cư Vườn Xuân - 71 Nguyễn Chí Thanh
1257,Sunview Town
1258,Chung cư Blue House
1259,Khu nhà ở xã hội Blue House
1260,Khu đô thị Phước Lý
1261,Khu dân cư Ven Sông Sadeco
1262,Sweet Home Nhơn Trạch
1263,Khu dân cư Bình Hòa
1264,Khu dân cư Osaka Garden
1265,Làng Châu Âu (Euro Village)
1266,Homyland 2
1267,Saigon Mansion
1268,Riviera Cove
1269,Khu đô thị mới Xuân Thới Sơn
1270,Eco Town
1271,Chung cư Golden West
1272,Chung cư 15-17 Ngọc Khánh
1273,MD Complex Mỹ Đình
1274,Cộng Hòa Plaza
1275,Hoàng Thành Tower
1276,Sadeco Phước Kiển
1277,Tòa nhà Vinaconex 1
1278,Khu đô thị Mễ Trì Thượng
1279,Chung cư Thế Kỷ 21
1280,New House City
1281,Chung cư N105 Nguyễn Phong Sắc
1282,Nam Sài Gòn Riverside
1283,Khu dân cư Tân Đô
1284,Khu Công Nghiệp Tân Đô
1285,Chung cư Packexim
1286,Bàu Cát II
1287,Pearl Plaza
1288,Cham Oasis Nha Trang
1289,Trung Đông Plaza
1290,KDC Bắc Sơn Trà
1291,Khu đô thị Nam Long
1292,Chung cư 187 Nguyễn Lương Bằng
1293,I-Home 1
1294,Chung cư Mỹ Đức
1295,Bee Home 2
1296,Him Lam Chợ Lớn
1297,Lê Thành Tân Tạo
1298,Chung cư Bến xe Nước Ngầm
1299,Sunny Plaza
1300,Khu đô thị Mỹ Phước 4
1301,Khu đô thị Mỹ Phước 3
1302,Khu dân cư Hòn Rớ 1
1303,Chung cư An Lộc
1304,Chung cư Hà Kiều
1305,Tecco Green Nest
1306,Chung cư Khánh Hội 1
1307,Chung cư Tôn Thất Thuyết
1308,Garden Court 1
1309,Hưng Gia 3
1310,Garden Plaza 1
1311,Khu phố Mỹ Toàn 2
1312,Khu phố Nam Thông I
1313,"Khu Biệt Thự Mỹ Kim 1,2"
1314,Cao ốc Thịnh Vượng
1315,Parkland Apartments
1316,Căn hộ Bình Khánh
1317,Trương Đình Hội 2 (U - Life)
1318,The Morning City
1319,HQC Plaza
1320,Ehome 5 - The Bridgeview
1321,An Lạc - Nam La Khê
1322,Tiểu khu đô thị Nam La Khê
1323,Khu đô thị Sài Đồng
1324,Hoàng Anh Thanh Bình
1325,Cityland Garden Hills - Gò Vấp
1326,CityLand Riverside
1327,Phúc An Viên
1328,Cao ốc văn phòng V_ikon
1329,Ehome 2
1330,Cao ốc V_Center
1331,C.T Plaza Đà Nẵng Building
1332,Chung cư CT3 Lê Đức Thọ
1333,Biệt thự vườn sinh thái Củ Chi
1334,Đà Lạt Star Hill
1335,Khu đô thị Nhơn Trạch
1336,C.T Plaza Nguyên Hồng
1337,VSIP I Bình Dương
1338,VSIP II Bình Dương
1339,C.T Plaza Minh Châu
1340,Sky Garden I
1341,Khu dân cư Nam Viên
1342,Sky Garden II
1343,KDC An Thạnh Long An
1344,Khu căn hộ Ngọc Cung
1345,VSIP Hải Phòng
1346,Chung cư xpHOMES
1347,KDC Nam Hùng Vương
1348,KDC Khang Điền Long Trường
1349,KDC Phú Nhuận - Phước Long B
1350,KDC Mỹ Long
1351,Tiểu khu đô thị mới Vạn Phúc
1352,KDC Kiến Á
1353,Hưng Phú 2
1354,Hưng Phú 1
1355,Căn hộ 8X Đầm Sen
1356,KDC Sinh Thái Thanh Bình
1357,KDC New Moon
1358,New Skyline
1359,KDC Làng Việt Kiều Phong Phú 13E
1360,KĐT Nam cầu Nguyễn Tri Phương
1361,Khu nhà ở Thạch Bàn
1362,Khu đô thị mới  Bình Nguyên
1363,Liền kề Tổng cục 5 Tân Triều
1364,Khu phố Nam Thông II
1365,Sky Park Residence
1366,The Park Residence
1367,Chung cư Yên Hòa Thăng Long
1368,Tân Phước Plaza
1369,Khu phố chợ Điện Nam Trung
1370,Chung cư Sông Đà 7
1371,Cao ốc Bình Minh
1372,Khu đô thị mới Phú Lương
1373,Thăng Long Victory
1374,Chung cư Bông Sao
1375,Ellipse Tower (City View)
1376,Kien Co Trung
1377,fadfadf
1378,Khu đô thị mới Cồn Tân Lập
1379,USilk Apartment
1380,VOV Mễ Trì
1381,Chung cư Miếu Nổi
1382,Chung cư Minh Thành
1383,Căn hộ Linh Tây
1384,Khu phố An Sinh
1385,Khu dân cư Him Lam 6A
1386,Khu dân cư Thạnh Phú
1387,ICON 56
1388,Mega Residence
1389,Nam An Apartment
1390,Khu dân cư Điền Phước
1391,The Sun City Ba Tơ
1392,TTTM và Phố chợ Đô Nghĩa
1393,TTC Tower
1394,VP6 Linh Đàm
1395,BenCat Center Point
1396,Hòn Dấu Resort
1397,Topaz Garden
1398,Lotte Center Hà Nội
1399,Thái Sơn Apartment
1400,Tây Nam Hồ Linh Đàm
1401,Chung cư số 6 Đội Nhân
1402,South Tower
1403,Central Tower
1404,Goldmark City
1405,Long Phụng Apartment
1406,BIDV Tower
1407,Phú Điền Building
1408,International Centre
1409,CornerStone Building
1410,Sun City Building
1411,DMC Tower
1412,Chung cư Viện 103
1413,Hưng Ngân Garden
1414,Spring City
1415,Eco Sun
1416,Tòa nhà Housing
1417,Maple Tower
1418,Hoàng Linh Building
1419,Tòa nhà 169 Nguyễn Ngọc Vũ
1420,VMT Building
1421,Bảo Anh Building
1422,AC Building
1423,Viglacera - Exim Building
1424,Âu Việt Building
1425,Đại Phát Building
1426,Tòa nhà 95 Cầu Giấy
1427,Mường Thanh Quê Hương
1428,Lạc Hồng Viên
1429,Galaxy 9
1430,Zodiac Building
1431,Mitec Tower
1432,Tòa nhà 3A
1433,Tòa nhà 98 Hoàng Ngân
1434,Tòa nhà Vinahud
1435,2T Corporation
1436,LOD Building
1437,Ha Noi Tung Shing Square
1438,Vietcombank Tower HCM
1439,Vietcombank Tower
1440,Opera Business Centre
1441,Khu dân cư 6B Intresco
1442,ACB Office Building
1443,Artexport House
1444,Naforimex Building
1445,VID Tower 1
1446,TDC Plaza
1447,Hanoitourist Building
1448,V Building
1449,Tòa nhà 14 Lý Nam Đế
1450,Tòa nhà Thái Bình
1451,CDC Building
1452,Khu tái định cư Phú Mỹ 2
1453,Tòa nhà Cty CPXD số 1 HN
1454,Mỹ Khánh 4
1455,Khu đô thị mới Lý Thái Tổ
1456,Prime Centre
1457,VTC Online Building
1458,Coma Building
1459,Vinafor
1460,Tòa nhà HIPT
1461,Trúc Bạch Building
1462,Toyota Mỹ Đình
1463,Diamond Flower Tower
1464,Green Valley
1465,HH3 Tower
1466,Lilama 10
1467,Tòa nhà ICD
1468,Nam Cường Building
1469,Nam Hải Lakeview
1470,Lotus Lake View
1471,StarLight City
1472,HAREC Building
1473,Lotus Lake View
1474,HITTC Building
1475,Star City Lê Văn Lương
1476,Vinaconex Tower
1477,Đà Lạt Green
1478,Toserco Building
1479,TID Tower
1480,Khu định cư An Phú Tây
1481,Thành Đông Building
1482,Citilight Tower
1483,Citilight Tower
1484,Khu đô thị An Khánh - An Thượng
1485,KĐT An Khánh - An Thượng
1486,Khu đô thị mới Phú Thịnh
1487,Khu đô thị An Vân Dương
1488,Floryn Hill
1489,Khu đô thị Bắc Sông Cấm
1490,Tòa nhà Nguyễn Khuyến
1491,C.T Sphinx Golf Club & Residences
1492,Khu Biệt Thự Sông Ông Lớn
1493,Mecanimex Building
1494,Biệt thự nghỉ dưỡng Cham Oasis
1495,Biệt thự nghỉ dưỡng Cham Oasis
1496,The Sun City Eco Island
1497,Chung cư Booyoung
1498,Lexington An Phú
1499,Tòa nhà Tân Á Đại Thành
1500,VG Building
1501,Khu đô thị Đại Phú
1502,Lim Tower
1503,Greenview Garden
1504,Khu biệt thự Đồi Cọ
1505,Khu biệt thự Vườn Mai
1506,Khu biệt thự Vườn Đào
1507,Liền kề San Hô
1508,Biệt thự Nam La Khê
1509,Cửa Lò Golf Resort
1510,Thăng Long Number One
1511,Đại Phúc River View
1512,Căn hộ Linh Trung
1513,Hoàng Anh Gia Lai Lake View Residence
1514,Khu đô thị mới Hà Tiên
1515,Khu đô thị Đồng Mai
1516,TaniBuilding Sơn Kỳ 1
1517,Chung cư 130 Nguyễn Đức Cảnh
1518,Khu đô thị Picenza Plaza
1519,Hàn Việt Tower
1520,Minh Long Tower
1521,Welife City
1522,Chung cư An Sương
1523,Bigemco Building
1524,Chung cư Tây Thạnh
1525,Khu dân cư Tân Thành Lập
1526,Chung cư Nguyễn Ngọc Phương
1527,Chung cư Ngô Gia Tự
1528,Khu dân cư - Dịch vụ Tân Bình
1529,Căn hộ Khang Gia
1530,Khu đô thị Minh Phương
1531,Biệt thự Tây Hùng Thắng
1532,Biệt thự Đông Hùng Thắng
1533,Chung cư Hoàng Kim
1534,Khu đô thị mới Việt Hưng
1535,Vibex Từ Liêm
1536,Khu đô thị Văn La - Văn Khê
1537,Chung cư Phú Thọ
1538,Conic Lộc Phát
1539,Chung cư Vinaconex 21
1540,Detesco Lương Định Của
1541,Constrexim Complex
1542,Khu đô thị mới Đông Sơn
1543,Khu đô thị Nam Đồng Mạ
1544,Ngân câu Garden home
1545,Tòa nhà Ford Thăng Long
1546,Khu căn hộ An Hòa
1547,City Horse
1548,Lan Anh Village
1549,Khu đô thị Hòa Vượng
1550,Chung cư C37 Bộ Công An
1551,Eastern Land
1552,Havana Nha Trang Plaza
1553,Khu biệt thự Hưng Thịnh
1554,Sunrise Building 3
1555,KDC Bắc Đường Trần Hưng Đạo
1556,Chung cư An Bình
1557,Cao Ốc Phức Hợp Sao Mai
1558,Natural Village
1559,Vinaconex Building
1560,Khu dân cư Vũ Hoàng Anh
1561,Chung cư Sơn Thịnh
1562,Handico Tower
1563,Chung cư dầu khí PVC-IC
1564,Chung cư 203 Nguyễn Trãi
1565,Đại Phúc Green Villas
1566,The One Sài Gòn
1567,Tòa nhà VT House
1568,Anh Tuấn Garden
1569,Khu biệt thự Mỹ Văn
1570,Samco Building
1571,Scetpa Building
1572,IMG Building
1573,Khu đô thị Green Lake
1574,Khu căn hộ F.Home
1575,The CBD Premium Home
1576,The Ocean Apartment
1577,The Ocean Apartment
1578,"Khu phố Nam Thiên 1,2,3"
1579,Vision City
1580,KDC Hoàng Anh Minh Tuấn
1581,D22 Bộ Tư Lệnh Biên Phòng
1582,Lucky Dragon
1583,Đại Quang Minh
1584,Khu dân cư Tấn Trường
1585,Chung cư Tân Mỹ
1586,Khu đô thị Tiến Thành
1587,The Sun City Lan Phương
1588,Khu dân cư C.T.C
1589,Khu nhà ở Sao Mai Bến Đình
1590,Khu đô thị Chí Linh
1591,Seaview Chí Linh
1592,Chung cư Đồng Diều
1593,Khu dân cư Văn Minh
1594,Khu Biệt thự Valley View
1595,Hồ Tràm Strip
1596,Khu Dân Cư Vĩnh Lộc A
1597,Hemera Building
1598,Khu căn hộ Phú Mỹ Thuận
1599,Chung cư Mỹ Kim
1600,Nhà phố thương mại Phú Xuân 2
1601,CT Number One
1602,Khu đô thị mới Cựu Viên
1603,Intracom 3
1604,Intracom 208
1605,Intracom 6
1606,Khu căn hộ Khải Hoàn
1607,Lotus Apartment
1608,Dragon Parc
1609,Royal Era 1
1610,Khu căn hộ Phú Mỹ
1611,Mỹ Phúc
1612,Eureka Linh Trường
1613,Căn hộ Panorama 2
1614,Chung cư 183 Hoàng Văn Thái
1615,Khu chung cư Bắc Sơn
1616,Vĩnh Lộc Garden
1617,Mỹ Phước
1618,Lutaco Tower
1619,Packsimex Building
1620,Vinapol Lai Xá
1621,Gia Thy Building
1622,Chung cư Lý Chiêu Hoàng
1623,Newlife Long Kim
1624,EBM Building
1625,Compa Tower
1626,Khu đô thị mới Vinh Tân
1627,KDC chợ Bình Chánh
1628,Qmobile Tower
1629,Khu dân cư Hà Đô Thới An
1630,Mỹ Phát
1631,V Building
1632,Hưng Thái
1633,Hưng Vượng 1
1634,Khu căn hộ Quốc lộ 1K IDICO
1635,Hưng Vượng 2
1636,Thảo Điền Building
1637,Hưng Vượng 3
1638,Lilama 124 Minh Khai
1639,Nam Khang
1640,HUD Building
1641,Mỹ Khang
1642,Garden Court 2
1643,Garden Court 1
1644,Chung cư Cửu Long
1645,Chung cư Cienco1
1646,Cảnh Viên 1
1647,Toà nhà Cowaelmic
1648,Cảnh Viên 2
1649,Nam Thiên 3
1650,Khu đô thị Phú Mỹ An
1651,KDC số 4 Nguyễn Tri Phương
1652,Mỹ Hào
1653,TaniBuilding Sơn Kỳ 2
1654,Saigonland Apartment
1655,Green View
1656,Khu dân cư Thanh Trúc
1657,Ngọc Khánh Tower
1658,The Mansion
1659,Samland Giai Việt
1660,Mỹ Hưng
1661,C17 Bộ Công An
1662,Park View
1663,Nam Long 2
1664,Mỹ Toàn 1
1665,Chung cư Sao Mai
1666,Ngọc Khánh Tower
1667,Mỹ Thái 1
1668,Mỹ Viên
1669,Khu dân cư Kim Sơn
1670,Nam Quang 1
1671,Chung cư Biển Bắc
1672,Khu công nghiệp Bình Minh
1673,VMG Building
1674,Khu đô thị mới Bình Minh
1675,Căn hộ 8X Thái An
1676,Căn hộ An Viên
1677,Sunwah Tower
1678,C.T Plaza Tân Sơn Nhất
1679,Khu nhà phố Hưng Phước
1680,Dau Giay Center City
1681,Khu nhà phố Hưng Gia
1682,Nam Long 1
1683,Ngọc Đông Dương Building
1684,Nam Long 3
1685,Căn hộ 8X Rainbow
1686,Lien Hoa Building
1687,Dau Giay Center City
1688,PVC Sai Gon Building
1689,Căn hộ 3G Mỹ An
1690,Alpha Tower
1691,Waterfront City
1692,Mỹ Thái 2
1693,Mỹ Thái 3
1694,Mỹ Gia 1
1695,Dương Hồng Garden House
1696,Tòa nhà Hà Phan
1697,Mỹ Phú 1
1698,Mỹ Phú 2
1699,Khu dân cư Hoàng Hải
1700,Chung cư An Lạc
1701,Thuận Kiều Plaza
1702,Khu dân cư Sông Giồng
1703,Nam Thông 3
1704,Saigon Trade Center
1705,Resco Building
1706,Khu đô thị mới Vĩnh Hòa
1707,Saigon Land Building
1708,Newlife Bình Chánh
1709,IBC Building
1710,Star Building
1711,Sao Mai Bình Khánh 5
1712,Khu dân cư Vĩnh Trường
1713,Khu đô thị mới Vĩnh Hoà
1714,Mỹ Khánh 2
1715,Mỹ Khánh 1
1716,Cinderella 2
1717,Mỹ Khánh 3
1718,Mỹ Giang
1719,Mỹ Gia 2
1720,Khu biệt thự Phú Gia
1721,Cinderella 3
1722,Mỹ Tú 1
1723,Mỹ Tú 2
1724,Khu dân cư Tân An Huy
1725,Khu dân cư An Hòa
1726,KDC Tân An Huy - Trần Thái
1727,First Home An Giang
1728,The Navita
1729,Khu dân cư Vĩnh Phú I
1730,Pjico Building
1731,Sapphire Palace
1732,An Lạc - Phùng Khoang
1733,An Gia Garden
1734,Chung cư Mỹ Vinh
1735,Lucky Home
1736,Chung cư Cầu Tiên
1737,Tên Lửa Residence
1738,PMC Building
1739,Hà Đô Villas
1740,Masteri Thảo Điền
1741,Nhà phố thương mại Phú Xuân 3
1742,Khu đô thị mới Bình Chiểu
1743,Khu dân cư Hồng Quang
1744,Chung cư An Cư
1745,Khu đô thị mới Châu Sơn
1746,An Lộc  - An Phúc
1747,Dự án Huy Hoàng
1748,Biệt thự Hà Đô
1749,Khu dân cư Thuận Giao
1750,Arirang Building
1751,Nam Quang 2
1752,Lucky House
1753,VP2 Linh Đàm
1754,Long Kim II
1755,Lộc Ninh Singashine
1756,KĐT Tây đại lộ V.L Lê Nin
1757,Khu đô thị Thượng Thanh
1758,An Bình Tower
1759,Sao Mai Bình Khánh 3
1760,The Sun City Phước Kiển
1761,Khu dân cư Phi Long 5
1762,Khu đô thị IJC@VSIP
1763,Đại Phúc River View
1764,Peace Building
1765,Thủ Thiêm Sky
1766,Khu đô thị Phú Lộc 4
1767,Artex Building
1768,Khu biệt thự Mỹ Hoàng
1769,Blue Star
1770,Khu đô thị Yên Thế Bắc Sơn
1771,Khu dân cư Quang Thành 3B
1772,Căn hộ Nhất Lan 3
1773,Etown Building
1774,Khu nhà ở Nam Long
1775,KDC Phú Xuân Vạn Phát Hưng
1776,KDC Phú Xuân Hồng Lĩnh
1777,KDC Phú Xuân Vạn Hưng Phú
1778,KDC Phú Xuân Cảng Sài Gòn
1779,HH4 Linh Đàm
1780,Mipec Riverside
1781,The Ocean Villas
1782,Diamond Blue 69 Triều Khúc
1783,Garden Plaza 2
1784,Khu biệt thự Nam Đô
1785,Khu đô thị An Phú Thịnh
1786,HCMC Lottery Tower
1787,The Monarchy
1788,Long Phụng Residence
1789,Tòa nhà Licogi 18
1790,Khu dân cư TTTM Bắc Phan Thiết
1791,Khu đô thị Nam Cầu Tuyên Sơn
1792,Chung cư Newtatco
1793,Chung cư TDH – Phước Bình
1794,Khu công nghiệp Tân Bình
1795,CT1 Trung Văn - Vinaconex 3
1796,CT2 Trung Văn - Vinaconex 3
1797,Chung cư 96 Định Công
1798,Chung cư Đông Đô
1799,Carillon 2
1800,Avalon Saigon Apartments
1801,Melody Tower
1802,Khu đô thị Trảng Kèo
1803,Chung cư 113 Trung Kính
1804,Khu biệt thự Thiên Đường Bảo Sơn
1805,Khu đô thị Orchid City
1806,Tổ hợp 108 Nguyễn Trãi
1807,Khu căn hộ Sacomreal-584
1808,Discovery Complex 2
1809,Khu dân cư Savimex
1810,Mỹ Tú 3
1811,CT3 Tây Nam Linh Đàm
1812,Khu đô thị mới Resco
1813,Khu đô thị Hồng Vận
1814,Green City
1815,The Dune Residences
1816,First Home Premium Bình Dương
1817,Căn hộ 8X Plus Trường Chinh
1818,Chung cư Phú Sơn
1819,Vista Verde
1820,KDC Khang Điền - Intresco
1821,Khu biệt thự Mountain Villas III
1822,KDC Thiên Phú Gia
1823,Unik Home
1824,SDU - 143 Trần Phú
1825,Chung cư Z751 Hà Đô
1826,Liền kề Z751B
1827,Khu dân cư T30
1828,Khu dân cư Cityland Z751
1829,Chung cư 155 Nguyễn Chí Thanh
1830,The Hollywood Tower
1831,Khu biệt thự Mỹ Quang
1832,Khu dân cư Rạch Lào
1833,The Golden Armor
1834,Khu dân cư Hải Sơn
1835,Dự án Viện bỏng Lê Hữu Trác
1836,Khu đô thị Tiên Sơn
1837,Tecco Tower
1838,Chung cư Tân Thịnh
1839,"Khu dân cư Phú Nhuận 1,2"
1840,Crec Building Trương Định
1841,Khu tái định cư đường 72M
1842,South Tower (file lưu)
1843,Nguyễn Quyền Plaza
1844,Khu dân cư An Thuận
1845,Khu dân cư Hưng Thuận
1846,Amber Court
1847,Bình Vượng Tower
1848,HH3 Linh Đàm
1849,The Premier Hà Nội
1850,Lucky Palace
1851,Khu đô thị Đặng Xá 2
1852,Thanh Bình Village
1853,An Lạc Plaza
1854,Dic Phoenix
1855,Mỹ Phước 2
1856,Ecolakes Mỹ Phước
1857,The Mall City
1858,Mỹ Toàn 3
1859,Khu dân cư Đại Nam
1860,Scenic Valley
1861,Đồng Phát Park View Tower
1862,Chung cư 12 View
1863,Khu dân cư Sao Mai
1864,Chung cư An Thịnh
1865,Jabes 2 Building
1866,Chung cư Cây Mai
1867,Viet Dragon Tower
1868,TKT Office Building
1869,VP4 Linh Đàm
1870,Phố Đông Village
1871,Saigon Software Park
1872,DC Tower
1873,Chung cư Đào Duy Từ
1874,Bitexco Nam Long Building
1875,Chung cư Hoa Lư
1876,Chung cư Ánh Dương
1877,KDC Nam Long Phú Thuận
1878,Tiên Sa Villas
1879,Khu dân cư Đại Ngàn
1880,Villa Riviera
1881,Docklands Sài Gòn
1882,Khu đô thị mới Hạ Đình
1883,Vinhomes Central Park
1884,Dragon Beach Villa
1885,Chung cư 120 Hoàng Quốc Việt
1886,Chung cư CT6 Constrexim
1887,River Gate
1888,Chung cư A.View
1889,Khu công nghiệp Hải Sơn
1890,KDC 13D Asia Phú Mỹ
1891,Chung cư Trần Văn Kiểu
1892,Khu đô thị An Phát
1893,Nhà phố thương mại Phú Xuân 4
1894,Khu dân cư Phú Mỹ Chợ Lớn
1895,Căn hộ Phú Mỹ An
1896,Lâm Sơn Resort
1897,Peach Garden
1898,Compass Living Park View
1899,Khu Biệt thự Mỹ Kim 3
1900,Khu dân cư Hiệp Phát
1901,Dragon Town
1902,Chung cư Mỹ Thuận
1903,Chung cư 10A Trần Nhật Duật
1904,Sài Gòn Suối Nhum
1905,Mỹ Cảnh
1906,Helios Tower 75 Tam Trinh
1907,KDC Hồng Phát A
1908,KDC Hồng Phát B
1909,Biệt thự Lam Thiên Lục Địa
1910,Khu công nghiệp Quang Minh
1911,Cao ốc Phú Nhuận
1912,Chung cư 26 Nguyễn Thượng Hiền
1913,Tài Lộc Office Building
1914,Thiên Hồng Building
1915,Tín nghĩa Building
1916,MB Bank Tower
1917,Cao ốc Pax Sky
1918,Chung cư Đông Hưng
1919,Vinhomes Nguyễn Chí Thanh
1920,Rose Valley
1921,Hòa Phát 70 NDC Tower
1922,Chung cư 30 Phạm Văn Đồng
1923,Smile Home
1924,Sonasea Villas & Resort
1925,FLC Garden City
1926,FLC Complex Thanh Hóa
1927,VSIP2 mở rộng
1928,Chung cư Phạm Viết Chánh
1929,Khu dân cư Hiệp Thành III
1930,Khu dân cư An Phú Hưng
1931,Khu dân cư Phú Hòa
1932,Tràng An Complex
1933,Fusion Alya Hội An
1934,Fusion Maia Resort
1935,Fusion Maia Đà Lạt
1936,Chung cư Tây Nam ĐH Thương Mại
1937,Mường Thanh Nha Trang
1938,TPA Building
1939,Khu đô thị Lê Hồng Phong II
1940,Tân Tạo Garden
1941,Ocean Park
1942,Sài Gòn Metro Park
1943,Khu đô thị Thống Nhất
1944,Chung cư Hancom
1945,Khu dân cư An Sương
1946,Cityland Bình Trưng Đông
1947,Khu dân cư Phú Gia
1948,Căn hộ 51 Chánh Hưng
1949,Khu đô thị An Phú Quý
1950,Chung cư B7 - B10 Kim Liên
1951,La Astoria
1952,Sài Gòn Apartment
1953,The Ascent
1954,Việt Phú Garden
1955,Chung cư mini Cự Lộc
1956,Mega Ruby
1957,Pasteur Tower
1958,The Garland
1959,Citi Home
1960,Nhà ở xã hội Becamex Định Hòa
1961,Nhà ở xã hội Becamex Hòa Lợi
1962,Khu dân cư Phú Lộc An
1963,Garden Gate
1964,Căn hộ Vĩnh Tường
1965,Khu Đô Thị Đại Hoàng Long
1966,Khu dân cư Bình Đăng
1967,Chung cư Thanh Niên
1968,First Home Premium Bình Thạnh
1969,Khu dân cư Ninh Giang
1970,New Era City
1971,Khu chung cư Vinaconex Xuân Mai
1972,Khu dân cư Bình Hưng
1973,Chung Cư 41Bis Điện Biên Phủ
1974,KDC Trí Kiệt - Long Trường
1975,KDC Long Phước Điền - Long Trường
1976,Dự án Trí Minh
1977,Khu đô thị PG An Đồng
1978,Green View Tower
1979,V&D Building
1980,Giảng Võ Lake View Building
1981,Bến Cát Golden Land
1982,Mai Hồng Quế Building
1983,Danang Beach Resort
1984,Thái Sơn Building
1985,The Point
1986,Khu đô thị An Bình Tân
1987,Chơn Thành Golden Land
1988,An Đông Villas
1989,New Horizon City - 87 Lĩnh Nam
1990,Paradise Đại Lải Resort
1991,IDC Building
1992,Abacus Tower
1993,Full House
1994,Smart View Building
1995,KDC Chợ Bình Điền
1996,Thanh Yến Residence
1997,KĐT Ecohomes Tri Thức Trẻ
1998,Sky 9
1999,Chung cư Tuệ Tĩnh
2000,Khu dân cư Phong Phú 5
2001,Khu dân cư Đại học Bách khoa
2002,Orchard Garden
2003,Bảo Ngọc Resident
2004,Khu dân cư đường 5 nối dài
2005,Chung cư Phan Xích Long
2006,TD Lakeside
2007,Biệt thự Galleria
2008,Khu dân cư Gò Gai
2009,Khu dân cư Idico Tân An
2010,The Sun City Riverview
2011,Nhà phố Lê Thành An Lạc
2012,Nhà phố thương mại Phú Xuân 5
2013,Soho Riverview
2014,Golf View Tower
2015,Khu dân cư Hồng Long
2016,KDC Phú Tài - Phú Trinh
2017,Khu nhà ở Quân đội K35 Tân Mai
2018,KCN Đại Đồng - Hoàn Sơn
2019,Khu công nghiệp Quế Võ
2020,Khu công nghiệp Quế Võ II
2021,Khu công nghiệp Quế Võ III
2022,Khu biệt thự Thanh Bình
2023,An Sơn Riverside
2024,Khu công nghiệp Tân Tạo
2025,Saigon Centre
2026,Viettel Complex
2027,The Imperial Complex
2028,Phúc Long Garden
2029,Vinpearl Phú Quốc
2030,KĐT Tây Nam Kim Giang
2031,Chung cư Đường Sắt
2032,HH1 Linh Đàm
2033,PCC1 Complex
2034,Vạn Phúc Riverside City
2035,Bảo Ngọc Resident Long An
2036,City Mall
2037,Căn hộ 8X Tân Bình
2038,Handi Resco Lê Văn Lương
2039,An Viên City
2040,Việt Đức Complex
2041,Angia Star
2042,Melody Residences
2043,Chương Dương Golden Land
2044,The Tresor
2045,Khu nghỉ dưỡng Cẩm An - Hội An
2046,The Easter City
2047,Sky Center
2048,Dự án Học Viện Quốc Phòng
2049,Khu dân cư Hill Land 19
2050,Chung cư Oriental Westlake
2051,Chung cư Oriental Westlake
2052,Peridot Building
2053,Hồng Hà Eco City
2054,The Golden An Khánh
2055,KĐT Làng Sen Việt Nam
2056,Mường Thanh Khánh Hòa
2057,Khu đô thị GS Metrocity
2058,Fortune Apartment
2059,The Botanica
2060,Condotel Ocean View
2061,Khu đô thị South Center
2062,Chánh Hưng Apartment
2063,Chung cư 312 Lạc Long Quân
2064,Golf Park
2065,The Sun Avenue
2066,Lotus Residence
2067,Khu đô thị VCN Phước Hải
2068,Five Star Kim Giang
2069,Grand Riverside
2070,The Mall City II
2071,Tân Tạo Center
2072,Manhattan Tower Lê Văn Lương
2073,Ecohome 1
2074,Scitech Tower
2075,PV Oil Tower
2076,Skyway Residence
2077,Laguna Lăng Cô
2078,Diamond Bay City
2079,Khu dân cư VHome
2080,CT36 - Dream Home
2081,Vinpearl Luxury Nha Trang
2082,Vinpearl Nha Trang Bay Resort & Villas
2083,Vinpearl Premium Golf Land
2084,Vinpearl Premium Đà Nẵng
2085,Cao ốc Bình Đông Xanh
2086,Him Lam Phú Đông
2087,The Butterfly Nha Trang
2088,The Garden Hills - 99 Trần Bình
2089,Chung cư X1-26 Liễu Giai
2090,Mega Sapphire
2091,Wilton Tower
2092,Flora Anh Đào
2093,KDC Trương Đình Hội 3
2094,Dream Home Residence
2095,Westpoint - Nam đường 32
2096,The Everrich Infinity
2097,Bình An Pearl
2098,Lâm Viên Villas
2099,Chung cư Bộ Công An
2100,The Krista
2101,Saigonres Plaza
2102,Hoàng Ngân Plaza
2103,Depot Metro Tham Lương
2104,Khu nhà ở Học viện Tư pháp
2105,Mega Village
2106,Gardenia Tân Cảng
2107,Park Riverside Tân Cảng
2108,Oceanami Luxury Homes and Resort (LƯU)
2109,Imperia Garden
2110,Khu biệt thự Saint Simeon
2111,Ecohome 2
2112,Southern Dragon
2113,Goldland Plaza
2114,VRG River View
2115,Midpoint Villas Thảo Điền
2116,KĐT thương mại Petro Town
2117,Park View Residence
2118,Khu nhà ở Huyền Quang 2
2119,Chung cư 219 Trung Kính
2120,V-Green City Phố Nối
2121,Phố thương mại City Garden
2122,Golden Mansion
2123,Kingston Residence
2124,HQC Hóc Môn
2125,Mê Linh Point Tower
2126,Căn hộ Florita Đức Khải
2127,Vũng Tàu Center
2128,Chung cư TDH - Phước Long
2129,Opal Riverside
2130,Green Home Residence
2131,Gateway Thảo Điền
2132,KĐT Tây Hồ Tây - Starlake Hà Nội
2133,KĐT Mới Bắc Dương Đông
2134,Khu dân cư Rạng Đông
2135,Khu dân cư Phước Thiện
2136,Sunrise City View
2137,CTM Building - 299 Cầu Giấy
2138,Khu căn hộ IDICO Tân Phú
2139,Khu dân cư Trường Lưu
2140,HQC Nha Trang
2141,The Gold View
2142,Khu đô thị RichHome
2143,Hateco Hoàng Mai
2144,TIG Đại Mỗ - Green Garden House
2145,Licogi 18.1 Tower
2146,KDC Cát Tường Phú Thạnh
2147,Seasons Avenue
2148,Times Tower - HACC1 Complex Building
2149,84 Thợ Nhuộm - Hanoi Apartment Center
2150,Lạc Hồng Westlake
2151,Mercury Villas
2152,The Vesta
2153,Khu đô thị Đại Thành - Nghi Kim
2154,Holm Villas Thảo Điền
2155,Happy House 296 Lĩnh Nam
2156,Garden Riverside Villas
2157,An Gia Riverside
2158,The Art
2159,Jamona Golden Silk
2160,Banyan Tree Lăng Cô
2161,Khu biệt thự liên kế Laguna Park
2162,Goldsilk Complex
2163,Ocean Dunes
2164,Chung cư Huỳnh Tấn Phát
2165,Carillon 3
2166,Golf Valley Đà Lạt
2167,Khu dân cư An Hòa 2
2168,Khu đô thị Trung Văn - Hancic
2169,Nam Trân Central Park
2170,Eco Green City
2171,The Pride
2172,Grand World Phú Quốc
2173,Khu đô thị mới Nam Vĩnh Yên
2174,Vicem Comatce Tower
2175,Xi Grand Court
2176,PVV-Vinapharm 60B Nguyễn Huy Tưởng
2177,Marine City
2178,New Central Park
2179,Naman Residences
2180,Oriental Tower - 324 Tây Sơn
2181,Khu đô thị RichHome 2
2182,KĐT Đại Kim - Định Công Mở Rộng
2183,Tokyo Tower
2184,Tân Bình Apartment
2185,The Stars Village
2186,Easy Home Tân Mai
2187,D’. Le Roi Soleil - Quảng An
2188,Sunshine Palace
2189,Sentosa Villa
2190,Oceanami Luxury Homes and Resort
2191,Vinhomes D'Capitale
2192,VCCI Tower - số 9 Đào Duy Anh
2193,Lotus Residences - Liền kề Vạn Liên
2194,Mường Thanh Thái Nguyên
2195,Hiệp Thành City
2196,Nhà ở xã hội Đồng Mô
2197,Green Pearl 378 Minh Khai
2198,Mon City
2199,Căn hộ Luxcity
2200,Sơn Trà Ocean View
2201,Hòa Bình Town
2202,New Life Tower
2203,Green Home Riverside
2204,Diamond PVC-IC
2205,SHP Plaza
2206,The Garden Houses
2207,Nine South Estates
2208,New Space Giang Biên
2209,Legend Tower 109 Nguyễn Tuân
2210,Thăng Long Riverside
2211,Nam Định Tower
2212,Golden Plaza
2213,Chung cư Hưng Phúc
2214,Estella Heights
2215,Ocean Front Villas
2216,KDC Little Sài Gòn
2217,The Park Avenue
2218,Tân Hồng Hà Complex
2219,Khu đô thị Hoàng Long
2220,Yên Hòa Condominium
2221,Sunset Villas & Resort
2222,Venus Cát Bà
2223,Dĩ An Golden Land
2224,An Hạ Riverside
2225,Hưng Phát Silver Star
2226,Vinhomes Times City - Park Hill
2227,Phú Mỹ Town
2228,Hội An Luxury
2229,KĐT Quang Minh Green City
2230,Stellar Hotel & Residences Nha Trang
2231,Diamond Lotus Phúc Khang
2232,KĐT Đồng Nguyên
2233,Sunrise Riverside
2234,Khu quân nhân 309
2235,Sky Han River
2236,The Habitat Bình Dương
2237,Dầu Giây Center City 2
2238,Citi Bella
2239,The Manor Huế
2240,Ariyana Smart Condotel Nha Trang
2241,KDC Gia Thịnh
2242,Dự án HHome
2243,Aurora Da Nang City
2244,An Gia Skyline
2245,Căn hộ Sunriver
2246,Phú An Center
2247,Xuân Phương Tasco
2248,Chung cư TĐC Hoàng Cầu
2249,Vinhomes Green Bay Mễ Trì
2250,Vinhomes Smart City
2251,Ecolife Capitol
2252,The Nassim Thảo Điền
2253,Resort Park Hill Lương Sơn
2254,Chung cư N03T5 - Ngoại giao đoàn
2255,Vinata Tower
2256,Samland Airport
2257,Chung cư QMS
2258,Cara Riverview
2259,Ruby City
2260,Mường Thanh Viễn Triều
2261,Melosa Garden
2262,Pandora 53 Triều Khúc
2263,Golden Center City
2264,Chung cư 379 Đội Cấn
2265,Moonlight Park View
2266,Charmington La Pointe
2267,Saigon Mia
2268,The Residences Mia
2269,Khu dân cư Phùng Hưng
2270,Khu đô thị mới Bắc Tân Lợi
2271,Thái Dương Luxury
2272,Khu dân cư Thái Sơn 1
2273,Vincom Hà Tĩnh
2274,Căn hộ Riva Park
2275,Khu biệt thự Sunrise Villas
2276,Khu đô thị Bắc Hà Tĩnh
2277,Khu nhà ở Vạn Xuân - Bắc Sài Gòn
2278,Vĩnh Lộc Golden
2279,Khu dân cư Bình Chiểu 2
2280,Bất động sản Xanh Green City
2281,Bình Chiểu Riverside City
2282,Khu dân cư Happy Home One
2283,HQC 35 Hồ Học Lãm
2284,Chung cư Thông tấn xã Việt Nam
2285,Lavita Garden
2286,Vincom Plaza Lý Bôn
2287,Richland Hill
2288,Sakura Valley
2289,Chung cư Bình An
2290,HQC Bình Minh
2291,Chung cư 122 Vĩnh Tuy
2292,Vinhomes Metropolis - Liễu Giai
2293,Gold Star Tower
2294,Chung cư Nguyễn Huy Lượng
2295,Khu phố đầu trục Tây Bắc
2296,Khu đô thị Hưng Phú
2297,Xuân Mai Riverside
2298,Căn hộ RichStar
2299,Premier Village Phú Quốc
2300,Khu Phố Đầu Trục Tây Bắc
2301,Nam Khang Residence
2302,KĐT Cầu Cảng Phước Đông
2303,Cát Tường Phú Nguyên Residence
2304,Nhà ở cán bộ quân khu 7
2305,Chung cư 282 Nguyễn Huy Tưởng
2306,Phố chuyên gia Cát Tường Phú Nam
2307,High Intela
2308,KDC Chợ Long Trường Mới
2309,Khu đô thị New Hội An City
2310,KDC Thái Dương Xanh
2311,KDC Khang Thịnh Town
2312,Tecco Central Home
2313,Dự án Phố Sơn Thủy
2314,KĐT Hòa Xuân mở rộng
2315,GoHome Dream Residence
2316,The Cam Ranh Flowers Resort
2317,Khu đô thị Bulova
2318,The Avila
2319,HH2 Linh Đàm
2320,GoldSeason
2321,Swisstouches La Luna Resort
2322,Hà Nội Paragon
2323,Rice Home Sông Hồng
2324,Khu đô thị mới 13B Conic - Nam Sài Gòn
2325,Dream Home Palace
2326,Mường Thanh Sơn Trà
2327,Five Star Mỹ Đình
2328,Packexim 2 Tây Hồ
2329,Căn hộ Charmington
2330,Spring House
2331,Athena Complex
2332,Vincom Cần Thơ
2333,Happy Star Tower
2334,Eco Spring
2335,Ascott Waterfront Saigon
2336,Nhà ở Happy Home
2337,Park Vista
2338,Khu dân cư Camellia Garden
2339,Premier Residences Phú Quốc
2340,Imperial Plaza
2341,Vinhomes Gardenia
2342,Nam Phát Riverside
2343,Căn hộ Orchard Park View
2344,Valencia Garden
2345,De Capella
2346,Liền kề Green bay village
2347,Luxury Home
2348,Sapa Jade Hill
2349,Alphanam Luxury Apartment
2350,Golden Field Mỹ Đình
2351,The Sebel Phu Quoc Emerald Bay
2352,Aeon Mall Long Biên
2353,Carillon 5
2354,Khu đô thị Phước Hòa GoldenLand
2355,CC1 Hà Đô Parkside
2356,Summer Square
2357,Viwaseen Tower
2358,Chung cư CT3 Yên Nghĩa
2359,KDC Phố Chợ Phước Thái
2360,Golden City Long An
2361,Khu đô thị Lakeview City
2362,Vinpearl Empire Condotel
2363,Gamuda City (Gamuda Gardens)
2364,Bavico Plaza Hotel Đà Lạt
2365,Valencia Riverside quận 9
2366,Newton Residence
2367,Palacio Garden
2368,Biệt thự Cielo Island
2369,Newhouse Xa La
2370,Xuân Phương Residence
2371,M-One Nam Sài Gòn
2372,Gemek Premium
2373,Sài Gòn Mia
2374,Gia Phát Apartment
2375,Aurora HouseforRent
2376,Tăng Long River View
2377,9 View Apartment
2378,FLC Green Home 18 Phạm Hùng
2379,Hòa An Residence
2380,The Golden An Khánh 32T
2381,Citi Bella 2
2382,Elegance Town
2383,Liền kề 622 Minh Khai
2384,Amazing City
2385,Tứ Hiệp Plaza
2386,River Park
2387,Green Plaza Đà Nẵng
2388,Samland Riverside
2389,Tabudec Plaza
2390,Viva Riverside
2391,Habour Ville
2392,Bình Giã Resident
2393,Vinhomes Golden River Ba Son
2394,Citadines Bình Dương
2395,FLC Quy Nhơn
2396,Botanica Premier
2397,Him Lam Thạch Bàn 2
2398,Khu đô thị Duyên Thái
2399,Bavico Nha Trang
2400,Soho Premier
2401,BRG Coastal City
2402,The Golden Star
2403,Veranda Vũng Tàu
2404,Trương Định Complex
2405,Tháp doanh nhân Tower
2406,HTReal 898
2407,FLC Star Tower
2408,Mandarin Garden 2
2409,Cityland Park Hills
2410,Smart Center House
2411,Vinhomes Hạ Long
2412,C3 PARCSpring
2413,Khu nhà ở Phú Mỹ
2414,Opal Tower
2415,Scenic Valley 2
2416,Việt Nhân Villa Riverside
2417,The Golden Palm Lê Văn Lương
2418,Park 12 Park Hill - Times City
2419,HaDo Centrosa Garden
2420,Sun Grand City
2421,Lakeside Residences - Goldmark City
2422,River City
2423,Tulip Tower
2424,CT2 Xuân Phương
2425,Shophouse Vinhomes Central Park
2426,Khu dân cư Tân Bình
2427,CT4 Vimeco II
2428,Chung cư 622 Minh Khai
2429,The One Residence - Gamuda Garden
2430,The Two Residence - Gamuda Garden
2431,Wintown
2432,Kosy Sông Công
2433,N01-T1 Ngoại Giao Đoàn
2434,N01-T2 Ngoại Giao Đoàn
2435,Vinhomes Imperia Hải Phòng
2436,N01-T3 Ngoại Giao Đoàn
2437,N01-T4 Ngoại Giao Đoàn
2438,Sentosa Riverside
2439,Vinpearl Bãi Dài
2440,N01-T5 Ngoại Giao Đoàn
2441,N01-T6 Ngoại Giao Đoàn
2442,N01-T8 Ngoại Giao Đoàn
2443,N02-T1 Ngoại Giao Đoàn
2444,Queen Pearl
2445,N02-T2 Ngoại Giao Đoàn
2446,N02-T3 Ngoại Giao Đoàn
2447,City Gate Towers 2
2448,N03-T1 Ngoại Giao Đoàn
2449,N03-T2 Ngoại Giao Đoàn
2450,Khu dân cư Long Thạnh Mỹ
2451,Khu dân cư Thuần Việt
2452,The Green Daisy
2453,N03-T3&T4 Ngoại Giao Đoàn
2454,N03-T5 Ngoại Giao Đoàn
2455,N03 -T8 Ngoại Giao Đoàn
2456,N04A Ngoại Giao Đoàn
2457,N04B Ngoại Giao Đoàn
2458,I-Home Xa Lộ Hà Nội
2459,Phú Long Riverside
2460,Madison 15 Thi Sách
2461,Marina Complex
2462,TĐV Phong Phú
2463,Park View City
2464,La Bonita
2465,Evelyne Gardens - ParkCity Hà Nội
2466,Khu đô thị An Thịnh
2467,VP7 Linh Đàm
2468,Central Field Trung Kính
2469,Sài Gòn Mê Linh Tower
2470,HPC Landmark 105
2471,Ecolife Tây Hồ
2472,Đức Long Golden Land
2473,Rice City Linh Đàm
2474,Biệt thự sinh thái Bình Đức Tiến
2475,Samsung Village
2476,Vinpearl Condotel Đà Nẵng
2477,Exim Pearl Tower
2478,Khu đô thị Nam Vĩnh Hải
2479,Vincom Rạch Giá
2480,An Hạ Lotus
2481,Sun Bay Đà Nẵng
2482,Gold Coast Nha Trang
2483,TĐV Tam Phú
2484,Phố Garden Sea
2485,Centana Thủ Thiêm
2486,Sophia Garden
2487,Ngô Quyền Shopping Street
2488,Homyland 3
2489,Saigon Royal Residence
2490,Diamond City
2491,Thới An City
2492,Chung cư Đại Thanh
2493,Richmond City
2494,An Bình City
2495,Khu dân cư Bái Tử Long Đại Phước
2496,Hải Đăng Tower
2497,Heaven Riverview
2498,Valeo Đầm Sen
2499,Diamond Lotus Lake View
2500,Xuân Mai Sparks Tower
2501,Nam Phúc - Le Jardin
2502,Fuji Residence
2503,B1-B2 Tây Nam Linh Đàm
2504,TĐV Linh Đông
2505,Phú Đông 2
2506,Chung cư 31 Láng Hạ
2507,MB Grand Tower
2508,T&T Riverview
2509,Phố chợ đa năng Cầu Tràm
2510,Vincom Tuyên Quang
2511,Căn hộ Quang Nguyễn
2512,Harbor City
2513,Movenpick Cam Ranh Resort
2514,Bella Vista City
2515,Đại Phước Center City
2516,Vinhomes Thăng Long
2517,Empire City Thủ Thiêm
2518,Sarah Thảo Điền
2519,Star Villa Sơn Trà
2520,Vinhomes Sky Lake
2521,Furama Condotel Đà Nẵng
2522,N01-T7 Ngoại Giao Đoàn
2523,N03-T6 Ngoại Giao Đoàn
2524,N03-T7 Ngoại Giao Đoàn
2525,Căn hộ Thạnh Tân
2526,Green Home
2527,Vinpearl Beach Front Condotel
2528,Elite Park
2529,The Hamptons Hồ Tràm
2530,Han River Village
2531,Resort Việt Mỹ Vân Đồn
2532,Feliz En Vista
2533,Sonasea Residences
2534,LePARC by Gamuda
2535,Gamuda Lakes
2536,Cát Tường Phú Sinh Eco City
2537,Hưng Gia Garden City
2538,Chương Dương Home
2539,Cộng Hòa Garden
2540,Sunshine Residences
2541,Sarimi Sala
2542,BRG Park Residence
2543,Vincom Thanh Hóa
2544,Rice City Sông Hồng
2545,Dream Land Bonanza
2546,Vincom Yên Bái
2547,Tecco Tower Thanh Hóa
2548,Khu dân cư Hòa Minh 5
2549,Nha Trang Green Hill Villa
2550,The Pega Suite
2551,Zen Home
2552,HQC Tây Ninh
2553,Tân An SuperMarket
2554,Oriental Plaza
2555,HQC Phú Tài
2556,Citi Soho
2557,Hà Nội Garden Villa (Hà Nội Garden City)
2558,Eco City Việt Hưng
2559,Central Coast Đà Nẵng
2560,CT1 Thạch Bàn
2561,Căn hộ dịch vụ cao cấp Nhật Bản
2562,Maple Nha Trang
2563,Marina Đà Nẵng Bay
2564,Huế Green City
2565,DIC The LandMark Residence
2566,Liền kề Phố Wall
2567,Riverside Garden
2568,Masteri Millennium
2569,Green Bay Premium
2570,IT Park
2571,Moonlight Residences
2572,Hà Nội Aqua Central
2573,Wyndham Garden Phú Quốc
2574,Đồng Bẩm - Riverside Villas
2575,Hòa Bình Green Đà Nẵng
2576,Khang An Residence
2577,New Town
2578,D-Vela
2579,Safari
2580,Khu nhà phố thương mại 24h Vạn Phúc
2581,Happy Town Thạnh Lộc
2582,Opal Garden
2583,FLC SeaTower
2584,The Ocean Estates
2585,The Ocean Suites
2586,Villa Gold Cửa Lò
2587,Chung cư 789 Xuân Đỉnh
2588,Vincom Shophouse Trà Vinh
2589,InterContinental Phú Quốc
2590,VXHome 25
2591,Chung cư 60 Hoàng Quốc Việt
2592,Asa Light
2593,VCN - Phước Long
2594,Richland City
2595,Mường Thanh Cửa Đông
2596,Central Premium
2597,Senturia Vườn Lài
2598,Panorama Nha Trang
2599,CT2B Nghĩa Đô
2600,Vinpearl Cửa Hội
2601,Coco River Side City
2602,Topaz Home
2603,Marina Bay Thủ Thiêm
2604,Luxury Beach
2605,Gold Beach - Đà Nẵng City
2606,Hanhud Hoàng Quốc Việt
2607,KDC sân bay Long Thành
2608,Khu dân cư Tràng An
2609,Chung cư C1 C2 Xuân Đỉnh
2610,Gelexia Riverside
2611,Palm City
2612,Lancaster Lincoln
2613,Emeral Home Resort
2614,Sun Premier Condotel Đà Nẵng
2615,TDL Residence
2616,Hà Đô Airport Building
2617,Palm Heights
2618,Đức Long Newland
2619,Đạt Gia Centre Point Thủ Đức
2620,Vincom Center Phạm Ngọc Thạch
2621,Vincom Vĩnh Long
2622,Coco River Garden
2623,Lavila Kiến Á - Nhà Bè
2624,Q7 Saigon Riverside
2625,FLC Hạ Long
2626,Bình Sơn Ocean Part
2627,Đà Nẵng Pearl
2628,AB Central Square
2629,Saigon South Residences
2630,Osaka Complex
2631,Kikyo Residence
2632,Sunshine Riverside
2633,Sunshine Center
2634,La Casa Villa
2635,Sunshine Garden
2636,Anland Nam Cường
2637,Vincom Vị Thanh
2638,DSD Building
2639,Tòa nhà Văn phòng Eurowindow
2640,Somerset West Point
2641,Khu đô thị Đông Bình Dương
2642,Phú Gia Compound
2643,CT2 Yên Nghĩa
2644,Khu dân cư An Thịnh Phát 3
2645,Vincom Shophouse Phủ Lý
2646,Time Hội An
2647,Hoàng Cầu Skyline
2648,Jamona Heights
2649,Hạ Long Central Plaza
2650,Legend Park
2651,Cửa Tiền Home
2652,Khu đô thị Xanh
2653,Happy Town Thạnh Xuân
2654,Thái Dương 2
2655,Dream Town Đồng Nai
2656,HDI Homes Nguyễn Tuân
2657,Tháp Mười Merita
2658,Prosper Plaza
2659,A10-A14 Nam Trung Yên
2660,Saigon Skyview
2661,New City Thái Bình
2662,Coco Center House
2663,Mipeco Nha Trang
2664,Sài Gòn Village
2665,Chung cư 536A Minh Khai
2666,D' EL Dorado
2667,Căn hộ Hoàng Quốc Việt
2668,Royal Park Bắc Ninh
2669,Thăng Long Home
2670,Đồng Phát Resident
2671,Eco Green Tower
2672,Vinhomes Thủ Thiêm
2673,PH Nha Trang
2674,Sài Gòn West Garden
2675,Roman Plaza
2676,HDI Homes Vũ Phạm Hàm
2677,Vạn Phúc City
2678,Vision Bình Tân
2679,Him Lam Phú An
2680,Làng Đại Học ABC
2681,Khu đô thị Phúc Giang
2682,Hoàng Phú Nha Trang
2683,Palm Town
2684,Ecohome Phúc Lợi
2685,Mỹ Đình Plaza 2
2686,Valora Fuji
2687,Sonata Residences
2688,Carillon 6
2689,Opal Skyview
2690,Housinco Grand Tower
2691,Mon Bay Hạ Long
2692,Aquabay Sky Residences
2693,Airlink City
2694,LuxGarden
2695,D1 Mension
2696,Ocean Gate Nha Trang
2697,Camland Garden
2698,KDC thương mại Phước Thái
2699,Kosmo Tây Hồ
2700,Chung cư 199 Hồ Tùng Mậu
2701,Ehome S
2702,Organic Garden
2703,Golden Center City 2
2704,The Western Capital
2705,Stellar Garden
2706,HUD3 Nguyễn Đức Cảnh
2707,Midtown Phú Mỹ Hưng
2708,The Grande
2709,Republic Plaza
2710,Mipec City View
2711,Vincity quận 9
2712,SunPark Residence
2713,One 18 Ngọc Lâm
2714,Khu thương mại dịch vụ nhà ở Hoàn Cầu
2715,Kho công nghiệp Minh Việt Ngọc Hồi
2716,Khu di dân Đền Lừ III
2717,Eco Lake View
2718,Khu nhà ở Hưng Thịnh
2719,Sun Gate City
2720,Thủ Thiêm Garden
2721,Chung cư Khuông Việt
2722,Long Thành Center
2723,Vinhomes The Harmony
2724,Hiệp Thành Building
2725,Sunwah Pearl
2726,Rosena Bình Thạnh
2727,Vincom Shophouse Tuy Hòa
2728,Đức Long Western Park
2729,BCons Tower
2730,Liên Phường Star
2731,Green Park City
2732,Dream Land Xuân La
2733,Gia Long Countryside
2734,Gia Long Riverside
2735,Belleville Hà Nội
2736,Centana Điền Phúc Thành
2737,Charmington Iris
2738,Sun Village Apartment
2739,Moonlight Boulevard
2740,Dragon Parc 2
2741,Khu đô thị An Cư
2742,Imperia Sky Garden
2743,Test PetroLand Tower 1
2744,Khu đô thị Nghi Phú
2745,Khu căn hộ Vĩnh Lộc
2746,D'Edge Thảo Điền
2747,The Emerald
2748,Eurowindow River Park
2749,Tô Ký Tower
2750,Kingsway Tower
2751,The Zen Residence
2752,Thống Nhất Complex
2753,Dự án sân bay Nha Trang
2754,Phú Quốc Marina
2755,Citadel Residence
2756,Lạc Hồng Lotus Hạ Long
2757,Green Town Bình Tân
2758,Hoàng Huy Pruksa Town
2759,Vincity quận 7
2760,TBCO Riverside Địa Ốc Tiến Bộ
2761,Vinhomes Giảng Võ
2762,Tara Residence
2763,Green Town Quận 9
2764,Vincity Đan Phượng
2765,Hateco Xuân Phương
2766,Vincity Gia Lâm
2767,Vincity Hưng Yên
2768,Airlink Residence
2769,Smile Building
2770,Vincity Hải Phòng
2771,Phú Ân Nam 2
2772,Evergreen
2773,Green Riverside
2774,Vincity Thanh Hóa
2775,Golden City 12
2776,Vincity Hà Tĩnh
2777,Nhà ở cho cán bộ chiến sỹ Bộ Công an
2778,Vincity Nha Trang
2779,FLC Lux City Samson
2780,Gold Land Bình Thạnh
2781,Tropicana Nha Trang
2782,Louis City
2783,Vịnh Xuân Đài
2784,HTReal Hoàn Cầu
2785,Green Park CT15 Việt Hưng
2786,Vườn Lan
2787,Khu dân cư Tràng An
2788,Khu dân cư Đông Nam
2789,Phú Thịnh Plaza
2790,Tổ hợp số 5 Thành Công
2791,Khu nhà ở V5 V6
2792,Khu dân cư Vị Thanh
2793,Dự án Sông Đà
2794,KDC Nhà Việt
2795,Khu nhà ở Lộc An
2796,The Vista
2797,Vincom Long Thành
2798,Đồng Khởi Land
2799,Khu đô thị Bến Thành Tây Bắc
2800,Khu đô thị Dương Ngọc
2801,Sài Gòn South Residences
2802,Khu dân cư Thanh Quế
2803,Đất nền Long Thành - Happy Town
2804,C.T Plaza Võ Văn Kiệt
2805,Nhơn Trạch City Center
2806,Saigon South Plaza
2807,Beryl Residences
2808,Napoleon Castle I
2809,KDC Bình Chuẩn
2810,An Bình 1
2811,Gia Long Villas Mini
2812,Elysia Complex City
2813,Carava Resort Cam Ranh
2814,Zen Tower
2815,Starlight Riverside
2816,Khu dân cư Mỹ Dinh
2817,Ventosa
2818,Vincom Tây Ninh
2819,Khu đô thị Tây Sông Hậu
2820,KĐT 379 Phan Bá Vành
2821,Romantic Park Tây Hồ Tây
2822,Thăng Long Home Hưng Phú
2823,Khu dân cư thương mại Quốc Vương
2824,Văn Lang Residence
2825,Carillon 7
2826,Water Bay Novaland
2827,Khu phố thương mại Mai Anh
2828,King Bay
2829,Vincom Sơn La
2830,Đại Lâm Phát Residential
2831,Marina Hill Villa
2832,Vista Land
2833,KDC Nguyễn Bình
2834,Tecco Trường Thịnh
2835,Airlink Town
2836,Test PetroLand Tower
2837,Sun World Ha Long Park
2838,Green River quận 8
2839,Vogue Resort Nha Trang
2840,Golden City An Giang
2841,Sentosa Luxury
2842,Tiến Lộc Residential
2843,Marina Tower
2844,KDC An Thịnh Bà Điểm
2845,Sun Grand City Quảng An Residence
2846,KDC An Khang 2
2847,Khu biệt thự đồi Ngọc Tước II
2848,IA20 Ciputra
2849,Nhà phố liền kề 124 Vĩnh Tuy
2850,Phoenix Complex Đà Nẵng
2851,Thiên Phúc Hoàng Gia
2852,Biên Hòa Marina
2853,Stellar Hotel & Residences
2854,Hồng Hà Tower
2855,N01-D17 Duy Tân
2856,Sài Gòn Gateway
2857,Cam Ranh City Gate
2858,Victoria Village
2859,Richlane Residence
2860,Richlane Residence
2861,Richlane Residence
2862,Alibaba Long Phước
2863,Biên Hòa New Town
2864,Gia Long Seaside
2865,Jamila Khang Điền
2866,Cam Ranh Mystery Villas
2867,The Link 345-CT1
2868,Citadines Marina Hạ Long
2869,Thủ Thiêm Lakeview
2870,Tây Hồ River View
2871,Tái định cư Bình Khánh
2872,Khu dân cư Hồ Lộc An
2873,Ngọc Dương Riverside
2874,La Perla Villas Resort
2875,Eco Garden
2876,Alibaba Bình Châu
2877,Hội An Royal Residence
2878,An Nhiên Garden
2879,Phúc An City
2880,Rosita Garden Khang Điền
2881,Halla Jade Residences
2882,River Panorama
2883,Khu đô thị số 4
2884,FLC Eco Charm
2885,Hoa Viên Villas
2886,Felix Homes
2887,Saigon Mystery Villas
2888,Lakeside Palace
2889,An Phúc Center
2890,Sentosa Garden
2891,Hưng Phát Center
2892,Premier Village Hạ Long
2893,New Điện Dương City
2894,Đại Phước Riverside
2895,Royal Lotus Complex
2896,Khu dân cư Nhơn Đức
2897,Sakura Central Park
2898,Kem Beach Resort
2899,Virgo Nha Trang
2900,New City Thủ Thiêm
2901,Thái Bình Dragon City
2902,Asia Park Residence
2903,ICID Complex
2904,6th Element
2905,Thanh Xuân Complex
2906,Villa E6 Quận 2
2907,The K Park
2908,Vietpearl City
2909,PVI Tây Hồ Tây
2910,Times Garden Hạ Long
2911,Hải Phát Complex
2912,Long Thành Pearl
2913,Khai Sơn Hill
2914,Golden Center Point
2915,Pandora City
2916,Dragon Land
2917,Coastar Estates
2918,Princess Villas Hồ Tràm
2919,Remax Plaza
2920,Bella Vida
2921,Zenna Resort Villas
2922,Mermaid Seaside
2923,Nha Trang River Park
2924,KDC Tân Long
2925,HC Golden City
2926,Khu dân cư Vạn Tường
2927,Udic Westlake
2928,Mega City
2929,Sky Central
2930,Hiyori Garden Tower
2931,Green House
2932,Vinhomes Bắc Ninh
2933,Ruby Tower Vũng Tàu
2934,The Point quận 7
2935,Bảo Sơn Green Pearl
2936,Bảo Sơn Complex
2937,Waterina Suites
2938,Hà Đông Park View
2939,Thanh Bình Plaza
2940,Topaz Elite
2941,Coco Garden City
2942,Tecco Thái Nguyên
2943,Masteri An Phú
2944,Osimi Tower
2945,Bách Việt Lake Garden
2946,An Phú Shop Villa
2947,Green Tower Sài Đồng
2948,Vinpearl Nam Hội An
2949,Khu dân cư Thạnh Xuân
2950,Xuân Mai Complex
2951,Q2 Thảo Điền
2952,Viêm Đông Central Park
2956,Khu đô thị Cát Lái
2957,Coco Gardenia
2958,Tiny House
2959,Green Lotus Resident
2960,Lavida Plus
2961,Green Park Trần Thủ Độ
2962,Arita Home
2963,T&T Victoria
2964,La Casta Văn Phú
2965,Khu tái định cư Xuân La
2966,Terracotta Hill
2967,Sun River City
2968,Aloha Beach Village
2969,Làng biệt thự Dovillas
2970,Phú Xuân Damsan
2971,Mizuki Park
2972,The Arena Cam Ranh
2973,Khu đô thị Mỹ Gia Nam Đà Nẵng
2974,KDC Chợ Rạch Kiến
2975,Green Riverside City
2976,An Phúc Riverside
2977,Long Đức Richtown
2978,Sing Garden
2979,Chung cư Sao Nghệ
2980,Lucky Garden
2981,Khu nhà ở Bộ tư lệnh Thủ đô Hà Nội
2982,Khu đô thị An Phước
2983,Khu đô thị DMC Thuận Thành
2984,C7 Giảng Võ
2985,The Sapphire Residence
2986,Gelex Tower
2987,Khu phố chợ Long Điền
2988,PentStudio
2989,Khu đô thị mới Quế Võ
2990,Casa Garden
2991,FLC Grand Hotel Hạ Long
2992,Vườn Vua Resort & Villas
2993,Sài Đồng Lake View
2994,Royal Garden
2995,Sunshine City
2996,Dream Town Bắc Giang
2997,Hợp Phú Complex
2998,Imperial Place
2999,Vinh Plaza
3000,Khu đô thị Phúc Ninh
3001,Khu đô thị Đại học Vân Canh
3002,Vincom Biên Hòa
3003,Golden Avenue
3004,Khu dân cư Đồng Phượng
3005,Kosy Mountain View
3006,Aurora Residences
3007,Vinpearl Đà Lạt
3008,Khu dân cư Bàn Thành
3009,Điền Thuận Cầu Dừa
3010,Dream House Dĩ An
3011,The Unicity
3012,Marina Suites
3013,Khu đô thị Phú Cát City
3014,Chung cư NO-08 Giang Biên
3015,Vanesea Field Đà Nẵng Resort
3016,Tecco Tứ Hiệp
3017,Điền Thuận Star Hills
3018,Khu dân cư Gia Phú
3019,Sky Garden
3020,Chung cư Cát Tường
3021,Cloudy Đầm Sen
3022,Iris Garden
3023,Nhà ở xã hội Bộ Tư lệnh Tăng Thiết Giáp
3024,HH1 Mễ Trì Hạ
3025,Tecco Đầm Sen Complex
3026,Serenity Sky Villas
3027,Khu dân cư Hưng Phú
3028,An Khang Villa
3029,Hưng Phát Green Star
3030,Little Village
3031,Elysium Tower
3032,Khu đô thị sinh thái Như Quỳnh
3033,The PegaSuite 2
3034,Khu đô thị An Thắng Rạch Kiến
3035,Haborizon Nha Trang
3036,Bảo Lộc Capital
3037,Sim City
3038,Adi Lucky Home
3039,Swan Bay
3040,Adi Lucky Home
3041,Lan Anh Residential
3042,Sài Gòn Intela
3043,Nha Trang City Central
3044,Scenia Bay Nha Trang
3045,Tesst 12
3046,Panorama Nha Trang test
3047,Nhà ở xã hội @Home
3048,Dragon Fairy Hotel & Residence
3049,Lavita Charm
3050,TMS Luxury Đà Nẵng
3051,Green Park Vĩnh Hưng
3052,Chung cư Xuân Phú
3053,Cầu Giấy Center Point
3054,Khu đô thị Bách Đạt
3055,Xuân Phương Garden
3056,Vĩnh Điện Center House
3057,Gaia City
3058,Đông Bắc Goldland Plaza
3059,Khu dân cư Bắc Lê Lợi
3060,Nam Phong Eco Park
3061,Panorama City Nha Trang
3062,Khu đô thị Thiên Mỹ Lộc
3063,Grand Central
3064,Little SaiGon
3065,Khu đô thị mới Đồng Cửa
3066,Phoenix Tower
3067,Ngôi Sao Phương Đông
3068,The Venica
3069,FLC Premier Park Đại Mỗ
3070,Mermaid Seaview
3071,Thăng Long Home Hiệp Phước
3072,Mường Thanh Bắc Ninh
3073,Nguyễn Quyền Luxury
3074,Dragon Riverside City
3075,HDI Tower
3076,Donasea Villas
3077,Startup Tower
3078,HQC Bình Trưng Đông
3079,An Phú Residence
3080,An Vượng Villas
3081,Đạt Gia Garden
3082,Khu đô thị Saphia
3083,Cụm công nghiệp cảng cá Hòa Lộc
3084,HQC An Phú Tây
3085,Lideco Quảng Ninh
3086,Bình Sơn Riverside
3087,Sky Garden Vĩnh Yên
3088,Khu đô thị Anh Dũng 5
3089,Nam Phương City
3090,Thiên Phúc Garden
3091,Khu đô thị mới Long Thọ
3092,Buôn Hồ Palama
3093,Buôn Hồ Palama
3094,Roxana Plaza
3095,Khu đô thị Tân Hồng - Đông Ngàn
3096,Chelsea Residences
3097,Sun City Long An
3098,Royal Park Bắc Giang
3099,VSIP Bắc Ninh
3100,TNR Star Đồng Văn
3101,Samsora Premier
3102,The Eden Rose
3103,Hiển Vinh Garden
3104,Airlink City 3
3105,Prosper Long Phước
3106,Dragon Hill City
3107,Nhà ở cán bộ nhân viên TP. Hà Nội
3108,Porte De Ville
3109,Metro Garden
3110,Newtown Center Land
3111,Chung cư Kim Trường Thi
3112,Heart Land Đầm Sen
3113,Ohara Villa & Resort
3114,Sài Gòn Avenue
3115,Boulevard City
3116,Căn hộ Hausneo
3117,Singa City
3118,Vạn Xuân Tam Bình
3119,Midori Park
3120,Nha Trang Golden Peak
3121,Hòa Khánh Residence
3122,Blue Diamond Riverside
3123,Green Field
3124,Saigonhomes
3125,Garden Town
3126,Masteri M-One Gò Vấp
3127,An Bình Green Home
3128,Liền kề 96 Nguyễn Huy Tưởng
3129,Vincom Shophouse Lạng Sơn
3130,Cosmo City
3131,Thuần Nghệ Green City
3132,An Phú Đông Riverside
3133,Harbor View Tân Cảng
3134,Bình Nguyên Quảng Nam
3135,Hội An Green Village
3136,Green Home Quy Nhơn
3137,Khu dân cư Phước Tân
3138,Nhà ở cán bộ chiến sỹ công an Gia Lâm
3139,Nhà ở xã hội Trung Văn
3140,Xuân Phú Hưng
3141,Thủ Đức Riverside
3142,Hera Complex Riverside
3143,Calla Garden
3144,Thủ Thiêm Dragon
3145,One Verandah Mapletree
3146,Khu đô thị Phú An Thịnh
3147,T&T Tower
3148,Citi Esto
3149,TNR Star Tân Trường
3150,Chung cư Đông Hải
3151,Res 11
3152,V-City
3153,Đại Phúc Green Stone
3154,Dream Home 2
3155,Khu dân cư Hoàng Thành
3156,Vườn Lài Village
3157,Chung cư Mường Thanh
3158,The Sparks
3159,HQC Trà Vinh
3160,Lotus Island
3161,Nam Long Golden Land
3162,Hà Nội Homeland
3163,Ginza Tam Đa
3164,Tân Thành Eco City
3165,Khu dân cư An Phát
3166,KDC Ngọc Đông Dương 2
3167,Rio Vista
3168,Ruby CT3 Phúc Lợi
3169,Movenpick Resort Phú Quốc
3170,Kim Long Nam City
3171,Five Star Resident
3172,Biệt thự đồi Thủy Sản
3173,Kai Resort
3174,Phúc Thịnh Residence
3175,New Đà Nẵng City
3176,Happy Valley Premier
3177,Khu đô thị Lạc Hồng
3178,Khu dân cư Lạc Phú
3179,Viloca Garden
3180,Pan Pacific Đà Nẵng Resort
3181,Trần Anh Riverside
3182,Kingdom 101
3183,T&T Long Hậu
3184,Phố Nối Sunshine
3185,Vin Office
3186,Stown Thủ Đức
3187,Trung Đức Tower
3188,Sài Gòn Riverside City
3189,Fresca Riverside
3190,River View
3191,La Maison De Cần Giờ
3192,Vũng Tàu Regency
3193,TMS Luxury Hotel & Residences
3194,Dosa Riverside
3195,Rio Casa
3196,KDC Đại Phú
3197,Khu đô thị An Bình
3198,Phú Đông Premier
3199,Biên Hòa Star
3200,Khu công nghiệp Song Khê - Nội Hoàng
3201,Heart Land Linh Đông
3202,Lovera Park
3203,Dona Green Pearl
3204,Ascent Lakeside
3205,Central Garden Bình Dương
3206,Dragon City Park
3207,Tecco Tower Bến Thủy
3208,Khu đô thị Nam Lê Lợi
3209,Champaca Garden
3210,Petro Thăng Long
3211,Biên Hòa Center City
3212,Le Pavillon Luxury
3213,Handico 30 Nghi Phú
3214,Khu phố chợ Điện Nam Bắc
3215,Sapphire Tower
3216,Phú Hữu Residence
3217,Golden Residence
3218,Western City
3219,Western City
3220,Dream Home Riverside
3221,Eco Dream Nguyễn Xiển
3222,Rose Town
3223,Athena Fulland
3224,Nam Phong Eco Town
3225,Khu đô thị Mega City 2
3226,Sunshine Avenue
3227,Hội An Sky Garden
3228,Khu dân cư Đức Linh 8
3229,Biên Hòa City
3230,Tuần Châu Marina Hạ Long
3231,Khu đô thị Quảng Hồng
3232,Khu nhà ở sông Cây Khế
3233,The Gold City
3234,Golden Pearl
3235,Sala Lộc An Lakeview
3236,Khu đô thị Central Gate
3237,Coco Wonderland Resort
3238,Khu đô thị An Huy Cao Thượng
3239,FLC Nghệ An
3240,FLC Nghệ An
3241,Palacio Garden
3242,DRG Complex City
3243,Florence Mỹ Đình
3244,Gia Long Residence
3245,TNR Star Riverside Nam Sách
3246,Green Planet
3247,Smart City Hội An
3248,Hateco Plaza
3249,Chung cư B32 Đại Mỗ
3250,Phúc Lộc New Horizon
3251,Green Village Bà Rịa
3252,Nhà ở xã hội Bình Phú 2
3253,Khu đô thị bờ đông sông Đáy
3254,Chung cư Huy Hùng
3255,Chung cư 345 Đội Cấn
3256,Kim Long Season Mỹ Khê
3257,Gold Tower
3258,Nature Village Đồng Nai
3259,Topaz Twins
3260,Sunrise Residences
3261,Khu đô thị Bãi Muối
3262,First Land Hiệp Thành
3263,Green Bay Garden
3264,Eurowindow Park City
3265,Beverly Hills
3266,Bình Mỹ Riverside
3267,Samsora Riverside
3268,Risemount Apartment Đà Nẵng
3269,Sala Garden
3270,Barya Citi
3271,Ocean Land 7
3272,Việt Long City
3273,CT2A Thạch Bàn
3274,Khu nhà ở Bắc Trần Quang Khải
3275,Trầu Cau Garden
3276,Athena Complex Pháp Vân
3277,Golden Land Hải Phòng
3278,Flamingo Cat Ba Beach Resort
3279,Rosa Alba Resort Tuy Hòa
3280,Quang Trung Diamond
3281,Golden Park Tower
3282,Ruby City Bảo Lộc
3283,Galaxy Bình An
3284,Golden City 10
3285,Tam Đa BCR
3286,Huỳnh Gia Residence
3287,Núi Trúc Square
3288,Khu đô thị Phú Đại Cát
3289,Condotel Kim Long Season
3290,Orchid Park
3291,Khu đô thị Phú Thuận Lợi
3292,Long Thành Gateway
3293,Khu phức hợp 152 Điện Biên Phủ
3294,Beverly Hills Hạ Long
3295,Khu đô thị Bình Hoà
3296,Thủ Thừa Phú Thanh
3297,Golden Eleven
3298,Dragon Park Văn Giang
3299,Eco Dragon
3300,Sun Grand City Văn Cao
3301,Khu đô thị Nam Phát
3302,Khu đô thị sinh thái Sông Đơ
3303,The Signature
3304,Khu đô thị Phú An Khang
3305,TNR Phố Nối
3306,Tân Tạo Riverside
3307,Rio Porto
3308,Asia Village
3309,Diamond Island quận 9
3310,Newberry Residence
3311,Tăng Long Garden
3312,Khu dân cư Long Thuận
3313,Khu đô thị Ngọc Bảo Viên
3314,Biên Hòa Golden Town
3315,The Panorama Đà Lạt
3316,Khu đô thị Hồng Vũ
3317,One River
3318,Khu đô thị Dệt May
3319,Khu dân cư An Phước
3320,Lexington Garden
3321,Susan Yên Phong
3322,Newtatco Complex
3323,Monaco Hạ Long
3324,Thắng Lợi Riverside Market
3325,Khu đô thị Thiên Lộc
3326,Green Park Móng Cái
3327,Chung cư 83 Ngọc Hồi
3328,Khu dân cư thương mại Vạn Phát
3329,Gwin Garden
3330,Khu dân cư Nam Rạch Chiếc
3331,Bella Villa
3332,Gem Riverside
3333,Eco Future Park
3334,Phú Thịnh City
3335,Nhà ở xã hội Sao Hồng
3336,Việt Yên Central Park
3337,Him Lam Bắc Ninh
3338,West Intela
3339,Golden Bay 2
3340,Khu dân cư số 1 Tây Nam
3341,Khu dân cư An Thắng Long Trạch
3342,Khu dân cư Đông Tây
3343,Khu dân cư Đồi Ngân Hàng
3344,Phố Đông Residences
3345,Chung cư C1 Thành Công
3346,Rio Centro Gò Cát
3347,Nhà ở xã hội Bắc Kỳ
3348,Khu dân cư An Lộc Phát
3349,Biên Hòa Center Mall
3350,Galaxy Tower Nguyễn Xiển
3351,Nhựt Chánh Residence
3352,Gic Riverside
3353,Công viên Vĩnh Hằng Long Thành
3354,Topaz Home 2
3355,Four Square
3356,Royal Central
3357,Novotel Villas
3358,Thành Nam Dragon
3359,Casa Garden Hill
3360,Era City
3361,Vinhomes West Point
3362,Phú Xuân Minh Long
3363,HUD Building Nha Trang
3364,Khu đô thị Phúc Đạt
3365,Felisa Riverside
3366,Cát Tường Golden River Residence
3367,Long An Areca Villa
3368,Golden City 4
3369,Khu nhà ở Sài Gòn Hoàng Anh
3370,KCN Phú Nghĩa
3371,KCN Hòa Phú
3372,La Ban Land
3373,Khu đô thị Tân Long
3374,Quế Võ Hill View
3375,New Melbourne
3376,Khu nhà ở Bộ Tổng tham mưu
3377,Eco Town Long Thành
3378,Alibaba Tân Thành
3379,VCI Mountain View
3380,Hilton Bạch Đằng
3381,Best Western Premier Sonasea Phu Quoc
3382,Khu đô thị Mega City 2
3383,Khu nhà ở 90 Nguyễn Tuân
3384,Lucky Garden Long Thành
3385,Dragon Riverside
3386,Lotus House
3387,Vũng Tàu Gold Sea
3388,Tecco Lào Cai
3389,Tecco Lào Cai
3390,Viglacera Yên Phong
3391,Hamubay Phan Thiết
3392,Grandeur Palace
3393,Fuland Garden 8
3394,Khu đô thị Đồng Riệc
3395,Bến Cát Center City 2
3396,Quinter Residence
3397,Vista Riverside
3398,Nam Phong Dragon
3399,Bảo Lộc House
3400,FLC Quảng Bình
3401,Bình Mỹ Center
3402,Gateway Vũng Tàu
3403,Bảo Lộc Golden City
3404,Chung cư Hòa Long
3405,Đất Quảng Riverside
3406,Khu đô thị Mạnh Đức
3407,Swan Park
3408,Khu dân cư Gò Cát 2
3409,Lan Rừng Phước Hải
3410,Khu đô thị Tân Việt Tiến
3411,Minori Village
3412,An Nhiên Riverside
3413,Fairy Town Vĩnh Yên
3414,Gem Riverside
3415,Bảo Quân Tower
3416,Lucky House Kiến Hưng
3417,South Gate Tower
3418,Khu đô thị Bồng Lai
3419,Nam Phong Riverside
3420,Trị Yên Riverside
3421,Green Garden Villa
3422,Khu biệt thự Đại Phú Gia
3423,KaLong Riverside City
3424,FLC Asia Park
3425,Khu đô thị Vịnh Thuận Phước
3426,Sky 89
3427,HDT Central Park
3428,Trương Định Plaza
3429,Saigon Riverpark
3430,Sun Casa
3431,Charmington Tân Sơn Nhất
3432,Khu dân cư Phú Hồng Thịnh 8
3433,Him Lam Vạn Phúc
3434,Sài Gòn Sky
3435,Khu dân cư Phúc Đạt
3436,Long Thành Dragon Center
3437,Dragon Village
3438,Khu dân cư Sở Văn Hóa Thông Tin
3439,Long Tân City
3440,Khu dân cư An Phú 2
3441,Thiên Nam Residence
3442,An Nhơn Green Park
3443,Vietnamhouse Tower
3444,Hanaka Từ Sơn
3445,Newtown Center Land 3
3446,Bohemia Residence
3447,Kỳ Đồng Tower
3448,Richland Hill quận 9
3449,T&T Phố Nối
3450,Khu dân cư Đồi An Sơn
3451,Panorama Hoàng Văn Thụ
3452,Vinawaco Thịnh Liệt
3453,KN Paradise Cam Ranh
3454,Kosy Gia Sàng
3455,Palm Garden
3456,Kosy Bắc Giang
3457,Central Mall
3458,Belhomes Từ Sơn
3459,Vinhomes Star City
3460,T&T Twin Towers Đà Nẵng
3461,Tây Lân Riverside
3462,Amber Riverside
3463,La RosaVila
3464,De La Sol
3465,Khu dân cư đô thị Cầu Gồ
3466,Chung cư X203 Lĩnh Nam
3467,KDC Thương mại Thịnh Vượng
3468,Khu đô thị Tây Bình Mỹ
3469,Diamond City Sông Công
3470,Bảo Ninh Sunrise
3471,La Cosmo 340 Hoàng Văn Thụ
3472,My Paradise Thủ Thiêm
3473,Depot City
3474,Stown Phúc An
3475,Pacific Dragon
3476,The Mansions
3477,Seaway Long Hải
3478,Sun Premier Village The Eden Bay
3479,Cát Tường Smart City
3480,Detech Tower II
3481,Embassy Garden
3482,Chung cư 11T2 Xuân Mai
3483,Nam phong Garden
3484,Châu Thành Center
3485,Sun Group Địa Trung Hải
3486,Marine Building
3487,Sunshine Marina Nha Trang
3488,Khu đô thị Tân Quang
3489,Hưng Thịnh Cát Tường Town
3490,Như Quỳnh Center
3491,Khu đô thị mới 379 Tân Mỹ
3492,FLC Quảng Ngãi Beach & Golf Resort
3493,The ParkLand
3494,Him Lam Thụ Ninh
3495,Việt Nhân SHTP Open
3496,Nhà ở xã hội Phúc Hưng
3497,Tín Hưng Villa
3498,Diamond City Đồng Nai
3499,Khu biệt thự Phú Vinh
3500,Urban Hill
3501,Khu dân cư Anh Kiệt
3502,Sapphire Khang Điền
3503,Metro Valley quận 9
3504,Vincom Shophouse Hòa Bình
3505,Khu đô thị Đồng Trằm Đá
3506,Khu dân cư Lợi Đạt
3507,Eco Green Sài Gòn
3508,Chung cư CT36 Xuân La
3509,Chung cư Ban cơ yếu Chính phủ
3510,Hoàng Mai Center Point
3511,Hưng Phát Blue Star
3512,Khu dân cư Lê Hồng Phong
3513,Thành Phố Cà Phê
3514,Anland 2
3515,Khu đô thị Núi Long
3516,Sheraton Grand Danang Resort
3517,Khu dân cư Phú Hồng Thịnh 10
3518,Chợ Thu Lộ
3519,Chung cư Sơn Thịnh 3
3520,Chung cư Thông Tấn Xuân Phương
3521,Central Bay Da Nang City
3522,Vicky Riverside
3523,Tân Thành Village
3524,CTL Tower
3525,Golden Bay 3
3526,Golden Central Park
3527,Khu đô thị Rùa Vàng City
3528,Nam Khang Riverside
3529,Phố Nối House
3530,Ruby Riverside
3531,Thanh Sơn Residence
3532,Eastin Phát Linh
3533,Hateco Laroma
3534,Cap Saint Jacques
3535,Golden Land Center City
3536,Phenikaa Hòa Lạc
3537,Diamond City Củ Chi
3538,Compass One
3539,Diamond Shop House
3540,Viko City
3541,A1 Riverside
3542,Oriental Sun Tower
3543,Khu đô thị mới Xuân Hòa
3544,Pearl Riverside Giang Điền
3545,FLC Coastal Hill
3546,Diamond King
3547,Văn Quán Riverside
3548,HQC Mỹ Tho
3549,Hạ Long Bay View
3550,Khu dân cư Bàu Sen
3551,Rich Central
3552,Khu nhà ở Phú Mỹ Hiệp
3553,SH Land
3554,Phú Quốc River Garden
3555,Nam Hồng Garden Từ Sơn
3556,Hoàng Huy Riverside
3557,Hado Green Lane
3558,Fusion Suites Vũng Tàu
3559,Thủ Đức Central Park
3560,Khu đô thị Tây Phố Yết Kiêu
3561,Akari City Nam Long
3562,Khu dân cư An Việt
3563,Regent Residences Phú Quốc
3564,Khu dân cư Tân Kim
3565,Khu dân cư Phạm Văn Hai
3566,Homeland Sunrise City
3567,Flora Novia
3568,Golden Mall
3569,Nam Long Golden Center City 4
3570,An Phú Center
3571,PTM Hoàng Hữu Nam
3572,Ruby Miền Đông
3573,Khu công nghiệp Long Giang
3574,The Residence 1
3575,Bà Điểm Center
3576,D2Eight Capitaland
3577,Chung cư CT5-CT6 Lê Đức Thọ
3578,Casamia Hội An
3579,An Thịnh Luxury Tower
3580,Khu dân cư Đại Việt Phú Mỹ 1
3581,HomeLand Central Park
3582,Lào Cai Green Avenue
